subject_id,component_index,probability
s01,0,0.5111857652664185
s01,2,0.9754376411437988
s01,3,0.9622042775154114
s01,4,0.8029286861419678
s01,5,0.9764838218688965
s01,7,0.6331440210342407
s01,8,0.9893643856048584
s01,10,0.9582464694976807
s01,11,0.9820700883865356
s01,12,0.9152860045433044
s01,13,0.8650442957878113
s01,14,0.9897215962409973
s02,2,0.9334070682525635
s02,3,0.6151797771453857
s02,4,0.709333062171936
s02,5,0.9694172739982605
s02,6,0.8871036171913147
s02,7,0.9955751895904541
s02,8,0.9867349863052368
s02,9,0.9823541641235352
s02,10,0.8536198735237122
s02,11,0.932357907295227
s02,13,0.916451096534729
s02,14,0.9155120849609375
s03,1,0.5850379467010498
s03,3,0.5755172371864319
s03,6,0.968355655670166
s03,7,0.9827205538749695
s03,8,0.4964175522327423
s03,10,0.9274222254753113
s03,11,0.8886653184890747
s03,12,0.7801296710968018
s04,2,0.97549968957901
s04,3,0.94376540184021
s04,4,0.917343258857727
s04,5,0.7802302837371826
s04,6,0.9899576902389526
s04,7,0.7855201363563538
s04,8,0.8247179985046387
s04,9,0.9727475047111511
s04,10,0.9893033504486084
s04,11,0.997856855392456
s04,12,0.9973167181015015
s04,13,0.995154857635498
s04,14,0.97562575340271
s05,2,0.7348916530609131
s05,3,0.5444897413253784
s05,5,0.5710455775260925
s05,6,0.7213656902313232
s05,8,0.8315277099609375
s05,9,0.8921493291854858
s05,10,0.8085278272628784
s05,12,0.6170181632041931
s05,13,0.49908876419067383
s06,2,0.5995714664459229
s06,3,0.9095697402954102
s06,4,0.8822301030158997
s06,5,0.8123451471328735
s06,8,0.6013124585151672
s06,9,0.7391656637191772
s06,10,0.6137245893478394
s06,11,0.7926258444786072
s06,12,0.9387339353561401
s06,14,0.960422694683075
s07,0,0.9169390201568604
s07,2,0.9766862392425537
s07,4,0.9516891241073608
s07,5,0.89764004945755
s07,6,0.9099231362342834
s07,7,0.9837502241134644
s07,9,0.8459763526916504
s07,10,0.8871215581893921
s07,11,0.9872168302536011
s07,12,0.5616059899330139
s07,13,0.9262198805809021
s07,14,0.6220829486846924
s08,2,0.6099229454994202
s08,3,0.9963126182556152
s08,4,0.9603577256202698
s08,5,0.9966238737106323
s08,6,0.6310042142868042
s08,7,0.5217071771621704
s08,8,0.8754169940948486
s08,9,0.9751624464988708
s08,10,0.8021708726882935
s08,11,0.7844240665435791
s08,12,0.7244882583618164
s08,13,0.9332964420318604
s08,14,0.5604203939437866
s09,2,0.6917554140090942
s09,3,0.8585609793663025
s09,4,0.8270376324653625
s09,5,0.48521095514297485
s09,6,0.541847825050354
s09,7,0.8615016341209412
s09,8,0.9713609218597412
s09,9,0.9724082946777344
s09,10,0.9947549104690552
s09,11,0.8842377662658691
s09,12,0.9870055913925171
s09,13,0.8564847707748413
s09,14,0.7569390535354614
s10,2,0.8691555857658386
s10,3,0.9427177309989929
s10,4,0.8911644816398621
s10,5,0.6763231158256531
s10,7,0.5195155143737793
s10,8,0.9353225231170654
s10,9,0.9366849660873413
s10,10,0.7524549961090088
s10,11,0.6962571144104004
s10,12,0.49451538920402527
s10,13,0.7837117910385132
s11,2,0.8380481600761414
s11,3,0.7484395503997803
s11,4,0.9254438281059265
s11,5,0.9192603230476379
s11,6,0.9816639423370361
s11,7,0.885576605796814
s11,8,0.5302342176437378
s11,9,0.5125699043273926
s11,10,0.7688329219818115
s11,11,0.6784589886665344
s11,12,0.8307764530181885
s11,13,0.9900334477424622
s11,14,0.9618653655052185
s12,1,0.5484312772750854
s12,2,0.7364284992218018
s12,3,0.9378677606582642
s12,5,0.9479814171791077
s12,6,0.9435313940048218
s12,7,0.9464645385742188
s12,8,0.9854615330696106
s12,9,0.8260358572006226
s12,10,0.8162598013877869
s12,11,0.9875280857086182
s12,12,0.8375294208526611
s12,13,0.9704243540763855
s12,14,0.9142707586288452
s13,0,0.5545551776885986
s13,3,0.8299340605735779
s13,5,0.9727386236190796
s13,6,0.4934040606021881
s13,7,0.9737348556518555
s13,8,0.9617236256599426
s13,9,0.9614392518997192
s13,10,0.994529128074646
s13,11,0.971921443939209
s13,13,0.9657390117645264
s13,14,0.65799480676651
s14,1,0.5124394297599792
s14,2,0.8070050477981567
s14,3,0.9664206504821777
s14,4,0.9960376620292664
s14,5,0.9417331218719482
s14,6,0.8967889547348022
s14,7,0.9793035387992859
s14,8,0.9130272269248962
s14,9,0.9824717044830322
s14,10,0.9553290605545044
s14,11,0.9131300449371338
s14,12,0.8307342529296875
s14,13,0.7872437834739685
s14,14,0.558824360370636
s15,1,0.6040560603141785
s15,2,0.9171562790870667
s15,4,0.6439850330352783
s15,5,0.9615609645843506
s15,6,0.8068550825119019
s15,7,0.6824418306350708
s15,8,0.5760484933853149
s15,9,0.8609219193458557
s15,11,0.979917585849762
s15,12,0.8963750600814819
s15,13,0.8341236114501953
s15,14,0.7417469620704651
s16,0,0.6244011521339417
s16,1,0.8965287208557129
s16,2,0.5847145915031433
s16,3,0.9168520569801331
s16,5,0.9079871773719788
s16,6,0.6166729927062988
s16,7,0.9327330589294434
s16,8,0.9820321798324585
s16,9,0.9657337665557861
s16,10,0.7107742428779602
s16,11,0.9171273708343506
s16,13,0.7938264012336731
s17,1,0.48245054483413696
s17,2,0.891988217830658
s17,3,0.9581781625747681
s17,4,0.9285497069358826
s17,5,0.8994014263153076
s17,6,0.9123634696006775
s17,7,0.9976686239242554
s17,9,0.8545295000076294
s17,10,0.6658062934875488
s17,11,0.5843878984451294
s17,12,0.9853781461715698
s17,13,0.9161673188209534
s17,14,0.9156495332717896
s18,1,0.9813390970230103
s18,3,0.9512694478034973
s18,4,0.8381830453872681
s18,5,0.9651881456375122
s18,7,0.9624614119529724
s18,8,0.5982331037521362
s18,9,0.9071750640869141
s18,11,0.9938902854919434
s18,12,0.6833235025405884
s18,13,0.9482983946800232
s18,14,0.48815733194351196
s19,1,0.8673901557922363
s19,2,0.996673047542572
s19,3,0.7788830399513245
s19,4,0.49404698610305786
s19,5,0.646324872970581
s19,6,0.5071917772293091
s19,7,0.9926230907440186
s19,8,0.9744324088096619
s19,9,0.8052818775177002
s19,10,0.4865776598453522
s19,11,0.5537257194519043
s19,12,0.9743915796279907
s19,13,0.948731541633606
s19,14,0.681848406791687
s20,3,0.9084485769271851
s20,4,0.9817440509796143
s20,5,0.9661462306976318
s20,6,0.9672967195510864
s20,7,0.9311268329620361
s20,8,0.5717365741729736
s20,9,0.9207961559295654
s20,10,0.5264459848403931
s20,11,0.715994119644165
s20,12,0.9477190971374512
s20,13,0.9113636016845703
s21,1,0.5349844098091125
s21,3,0.6460149884223938
s21,4,0.8115240335464478
s21,5,0.7747372984886169
s21,6,0.7163513898849487
s21,8,0.5994601249694824
s21,9,0.5207371115684509
s21,10,0.9335154294967651
s21,13,0.8000057935714722
s21,14,0.7818882465362549
s22,1,0.9787029027938843
s22,2,0.8722158670425415
s22,3,0.9770417213439941
s22,4,0.9988300800323486
s22,5,0.9825756549835205
s22,6,0.9791368246078491
s22,7,0.5820119976997375
s22,8,0.5553959012031555
s22,9,0.9954569935798645
s22,10,0.9631122350692749
s22,11,0.7907900810241699
s22,12,0.9995746612548828
s22,13,0.8122950792312622
s22,14,0.9867892265319824
s23,1,0.7389253377914429
s23,2,0.5693525075912476
s23,3,0.8592599034309387
s23,5,0.921149730682373
s23,6,0.9311385750770569
s23,7,0.770039439201355
s23,8,0.7012497186660767
s23,9,0.9259149432182312
s23,10,0.6137901544570923
s23,11,0.7913106083869934
s23,12,0.8432658910751343
s23,13,0.908130407333374
s23,14,0.6368666887283325
s24,2,0.7700040936470032
s24,3,0.8865247964859009
s24,4,0.686345636844635
s24,5,0.8709716200828552
s24,8,0.9177515506744385
s24,9,0.656883716583252
s24,11,0.9310604333877563
s24,13,0.9636874198913574
s24,14,0.6918197870254517
s25,2,0.9311862587928772
s25,3,0.9775938391685486
s25,4,0.7853461503982544
s25,5,0.965505838394165
s25,6,0.9788694381713867
s25,7,0.9398773908615112
s25,8,0.6283701658248901
s25,9,0.949333906173706
s25,10,0.8594889640808105
s25,11,0.9666584730148315
s25,13,0.5554022789001465
s25,14,0.9475656747817993
s26,0,0.5112734436988831
s26,2,0.6536089181900024
s26,3,0.9967367053031921
s26,4,0.9235293865203857
s26,5,0.8692823648452759
s26,6,0.8665199875831604
s26,7,0.9258541464805603
s26,8,0.9826912879943848
s26,9,0.9631356000900269
s26,10,0.7476488351821899
s26,12,0.9467108249664307
s26,13,0.726798951625824
s26,14,0.8431580662727356
s27,1,0.9219712018966675
s27,2,0.9365826845169067
s27,3,0.9663465023040771
s27,4,0.6135809421539307
s27,5,0.4254559576511383
s27,6,0.9813930988311768
s27,8,0.7331054210662842
s27,10,0.5989328622817993
s27,11,0.9848603010177612
s27,12,0.7677088975906372
s27,13,0.6101322174072266
s28,2,0.8870304226875305
s28,3,0.9329161643981934
s28,5,0.8997252583503723
s28,6,0.9379431009292603
s28,7,0.9960808157920837
s28,8,0.9713104367256165
s28,9,0.7483989596366882
s28,10,0.983774721622467
s28,11,0.9745275974273682
s28,12,0.8584212064743042
s28,13,0.8463895320892334
s29,3,0.6683560609817505
s29,4,0.44866475462913513
s29,5,0.5937157273292542
s29,6,0.54644775390625
s29,7,0.6360986232757568
s29,8,0.9373365640640259
s29,9,0.8200110793113708
s29,10,0.7235147356987
s29,11,0.551061749458313
s29,13,0.8484953045845032
s29,14,0.8774596452713013
s30,2,0.694399356842041
s30,5,0.9752346873283386
s30,6,0.8850116729736328
s30,7,0.7307378649711609
s30,8,0.9390665292739868
s30,9,0.6953917145729065
s30,10,0.5125865936279297
s30,11,0.8018962740898132
s30,13,0.39386770129203796
s30,14,0.8941319584846497
s31,2,0.8570565581321716
s31,3,0.9890342354774475
s31,4,0.8243478536605835
s31,6,0.9368033409118652
s31,7,0.8313064575195312
s31,8,0.5891342759132385
s31,9,0.8224204778671265
s31,10,0.9924864768981934
s31,11,0.6415261030197144
s31,14,0.78254634141922
s32,3,0.922002375125885
s32,5,0.8944799304008484
s32,6,0.957499086856842
s32,7,0.8308616280555725
s32,8,0.8788900971412659
s32,9,0.6263831853866577
s32,10,0.3415389358997345
s32,11,0.8898195028305054
s32,12,0.5407522916793823
s32,13,0.9509116411209106
s32,14,0.6358926892280579
