source_collection,relative_path,bytes,sha256,exclusion_reason
ICLabel_DEAP_Results,cleaned_data/deap_s01_cleaned.fif,5171252,e465fb7716666ce8faa7111875abc998385bef820433deb003b4dd6f9b0d9dd8,reconstructed participant-level EEG (FIF)
ICLabel_DEAP_Results,cleaned_data/deap_s02_cleaned.fif,5171252,21d22d6c27e6fc56dd496a0090ca4dd6ff89b5e8f0140a21dbd3f62eeef922cc,reconstructed participant-level EEG (FIF)
ICLabel_DEAP_Results,cleaned_data/deap_s03_cleaned.fif,5171252,a9db1c897212331cbeb1b3c96a506615904fae3caa0d7805ef89f83599508df0,reconstructed participant-level EEG (FIF)
ICLabel_DEAP_Results,cleaned_data/deap_s04_cleaned.fif,5171252,f93cafbf8c165a34ac2f1769a561ac33356fc2c467c477f53f4d7481e52c7938,reconstructed participant-level EEG (FIF)
ICLabel_DEAP_Results,cleaned_data/deap_s05_cleaned.fif,5171252,691b81078effd3b9deb6c415c48411685af63b0d5785c3dc9b53425f70d71891,reconstructed participant-level EEG (FIF)
ICLabel_DEAP_Results,cleaned_data/deap_s06_cleaned.fif,5171252,253a6d11effc86008ccfa903f909a1179b4016746451ee7abe4027e8353d3569,reconstructed participant-level EEG (FIF)
ICLabel_DEAP_Results,cleaned_data/deap_s07_cleaned.fif,5171252,b4b67f89587fefe8536bd81175553729fa430fed5bc2cbbf93c33d90b1b1d3a0,reconstructed participant-level EEG (FIF)
ICLabel_DEAP_Results,cleaned_data/deap_s08_cleaned.fif,5171252,8a2f19881940878463f6a94d963512bea575f747b7b1357c9e4c4e682b396b32,reconstructed participant-level EEG (FIF)
ICLabel_DEAP_Results,cleaned_data/deap_s09_cleaned.fif,5171252,5e5d5c49263fb66fd356ba7a9d8e291f5d1b67978f915934c06f46b6d170f563,reconstructed participant-level EEG (FIF)
ICLabel_DEAP_Results,cleaned_data/deap_s10_cleaned.fif,5171252,23e0e9f3feb19737a2bd77499288e852808a071b3e0fea96cf7cde326ffca819,reconstructed participant-level EEG (FIF)
ICLabel_DEAP_Results,cleaned_data/deap_s11_cleaned.fif,5171252,d9d875febf7fc50890225a58b204aa2dd8233f948640fb8d35a8a3d96d578d30,reconstructed participant-level EEG (FIF)
ICLabel_DEAP_Results,cleaned_data/deap_s12_cleaned.fif,5171252,3d7f47bfbfddbff0693f6506d36f0923e75e84e84b3952c4cabdb1e3754a6c63,reconstructed participant-level EEG (FIF)
ICLabel_DEAP_Results,cleaned_data/deap_s13_cleaned.fif,5171252,3f32cb21594e67057e1ac8b10e9fd94d9cbca729b60e9ba534dd0411dcbbb642,reconstructed participant-level EEG (FIF)
ICLabel_DEAP_Results,cleaned_data/deap_s14_cleaned.fif,5171252,5c34c02e82b40eeedd03ec2d44a713d9ff1136e3a0e7c8f0c11947d33abb242e,reconstructed participant-level EEG (FIF)
ICLabel_DEAP_Results,cleaned_data/deap_s15_cleaned.fif,5171252,52114a6bcfb124ca8bb04f05e067e9a15e5c95e84e68dbc67e6eea71dbbf93ea,reconstructed participant-level EEG (FIF)
ICLabel_DEAP_Results,cleaned_data/deap_s16_cleaned.fif,5171252,8f6f3eef391fd9e125e65e11266ec1e9e71e7183fb2df329ac163e10daf2f52c,reconstructed participant-level EEG (FIF)
ICLabel_DEAP_Results,cleaned_data/deap_s17_cleaned.fif,5171252,0af155557773c022ccabb26542d103ba0a95d7f890e0d4c7495feac1f39b60ed,reconstructed participant-level EEG (FIF)
ICLabel_DEAP_Results,cleaned_data/deap_s18_cleaned.fif,5171252,acfd3ba08ff4f139e24008485c6c8ba2ec90f9ac0fd7cf2a903572fe0d2c22c5,reconstructed participant-level EEG (FIF)
ICLabel_DEAP_Results,cleaned_data/deap_s19_cleaned.fif,5171252,8b7d7f18d70d576ee20aec52cddd8120e838467f7f94cf84b5f58bd528f2aec3,reconstructed participant-level EEG (FIF)
ICLabel_DEAP_Results,cleaned_data/deap_s20_cleaned.fif,5171252,eb1c93e37500d8152b6d81a260f42fc5e1f9c4091193feb15a80e8347aa8fed0,reconstructed participant-level EEG (FIF)
ICLabel_DEAP_Results,cleaned_data/deap_s21_cleaned.fif,5171252,3db45245364990da81543dfd39c35439e734ebe215ae7b60bc7a3f37984457d1,reconstructed participant-level EEG (FIF)
ICLabel_DEAP_Results,cleaned_data/deap_s22_cleaned.fif,5171252,6c953b7d5da0f11782cf61edd6e63e54cbb1aa834b60f3680694967eb048b3b6,reconstructed participant-level EEG (FIF)
ICLabel_DEAP_Results,cleaned_data/deap_s23_cleaned.fif,5171252,ac3fc47b9614f43edd99564c7406e636784e6ad6d152a3c1da278c9c443a7e9f,reconstructed participant-level EEG (FIF)
ICLabel_DEAP_Results,cleaned_data/deap_s24_cleaned.fif,5171252,76bc8fba904b26e45663ccec4f9a054e4f9341614731744db3279b26e0dc3e2e,reconstructed participant-level EEG (FIF)
ICLabel_DEAP_Results,cleaned_data/deap_s25_cleaned.fif,5171252,17143fd266ff726a0eaedd30aeff655e2f6b1f3260686d214c643d88651e3684,reconstructed participant-level EEG (FIF)
ICLabel_DEAP_Results,cleaned_data/deap_s26_cleaned.fif,5171252,34e990e142677f80cc470f0ca1173077c7d6acfed2f91e14ad5dd1b78ecf8f9b,reconstructed participant-level EEG (FIF)
ICLabel_DEAP_Results,cleaned_data/deap_s27_cleaned.fif,5171252,d0a0b02ff58fcc7f5caea46f3670ab45968b7a027583ba28697039028c8c30b7,reconstructed participant-level EEG (FIF)
ICLabel_DEAP_Results,cleaned_data/deap_s28_cleaned.fif,5171252,863ce1565b595ffdbdab404ea47ba8ee37cdf23b07c09ed4e6789a026f2c4afe,reconstructed participant-level EEG (FIF)
ICLabel_DEAP_Results,cleaned_data/deap_s29_cleaned.fif,5171252,e4552f8d2a1de8214b303df54f3b9249076195d4098bedc7aee45951237fdce7,reconstructed participant-level EEG (FIF)
ICLabel_DEAP_Results,cleaned_data/deap_s30_cleaned.fif,5171252,e2cbb5ba9d1f9b99a87a7a9393c20eba278aa98e2b430f9f54c1a940600c4237,reconstructed participant-level EEG (FIF)
ICLabel_DEAP_Results,cleaned_data/deap_s31_cleaned.fif,5171252,0f2c2dca1e8c7e210a639d096340a76950723a614080c317c57351150f117f82,reconstructed participant-level EEG (FIF)
ICLabel_DEAP_Results,cleaned_data/deap_s32_cleaned.fif,5171252,2e6241f54baa44af666a166f69019432eda6758123c4ea2aedf4bdbc2e4b37b2,reconstructed participant-level EEG (FIF)
ICLabel_DEAP_Results,figures/s01_raw_vs_clean.png,645835,b690c40eaeec4dde8d9bc817d61fabc2eff0cef52e2e9bbd6fec9dc6c126573a,participant-level raw-versus-reconstructed signal figure
ICLabel_DEAP_Results,figures/s02_raw_vs_clean.png,359540,c95be60403320f135fd8c7487827240db3be1ba1c64e3b7c23d91839ead81e23,participant-level raw-versus-reconstructed signal figure
ICLabel_DEAP_Results,figures/s03_raw_vs_clean.png,444279,e7b78bd9d5aa1c4a1e3241440438ca898e976e23c0db5ff095f32fc630c756e3,participant-level raw-versus-reconstructed signal figure
ICLabel_DEAP_Results,figures/s04_raw_vs_clean.png,396344,0e0e90414e114f324a4124a36c8a458cfae50353c75fae877272cc8205bba557,participant-level raw-versus-reconstructed signal figure
ICLabel_DEAP_Results,figures/s05_raw_vs_clean.png,368942,5376a36e7754298ee4162e42097074937336710430665dcde8c2211a843188d1,participant-level raw-versus-reconstructed signal figure
ICLabel_DEAP_Results,figures/s06_raw_vs_clean.png,508922,cc289bc961972a4e1b8f380e1c643dd9ab0c9c60daffca4209c14bbad6db7e77,participant-level raw-versus-reconstructed signal figure
ICLabel_DEAP_Results,figures/s07_raw_vs_clean.png,654363,b7517f917feee1b59c2b02ca1e25f42602a7d8061208bb7261ca28ec0e70b590,participant-level raw-versus-reconstructed signal figure
ICLabel_DEAP_Results,figures/s08_raw_vs_clean.png,454679,009ce5c047fc32b6c60136ed49cf8cbaca499b77ce6d386bec3e024916b4874d,participant-level raw-versus-reconstructed signal figure
ICLabel_DEAP_Results,figures/s09_raw_vs_clean.png,416753,9651c81602837e26f5642ea246a44d776be06d1b0c610c96e530e0606bb72257,participant-level raw-versus-reconstructed signal figure
ICLabel_DEAP_Results,figures/s10_raw_vs_clean.png,393395,7a216283ff4edce0ad53414381ba8e85885896174d5b27a0db5346d93cc474e4,participant-level raw-versus-reconstructed signal figure
ICLabel_DEAP_Results,figures/s11_raw_vs_clean.png,396853,d4e8866324af930d5a1aca0c4e1b78495fa3f29ee61190c397f2ee886664a2c0,participant-level raw-versus-reconstructed signal figure
ICLabel_DEAP_Results,figures/s12_raw_vs_clean.png,459384,37b79081c046e249e98a68f29bf5e17978424024f0062fb15fb4f3d97569ca1b,participant-level raw-versus-reconstructed signal figure
ICLabel_DEAP_Results,figures/s13_raw_vs_clean.png,575682,a5407bda645311e49cd5c336b126071a503c3dcd998688612394884344ff7383,participant-level raw-versus-reconstructed signal figure
ICLabel_DEAP_Results,figures/s14_raw_vs_clean.png,579141,d53be9ec16a12a3c93e25fc0e876736e41780fc95c877553b2f38d953ca96cda,participant-level raw-versus-reconstructed signal figure
ICLabel_DEAP_Results,figures/s15_raw_vs_clean.png,550718,2d481de6c8e9cb199791a799e9b8fb0b61d161948ab20566dca7f0623ac9c941,participant-level raw-versus-reconstructed signal figure
ICLabel_DEAP_Results,figures/s16_raw_vs_clean.png,608982,6800bd90248abca39c43b4b9cb6457ba6a8f7ce39917369f454e222408ba5b37,participant-level raw-versus-reconstructed signal figure
ICLabel_DEAP_Results,figures/s17_raw_vs_clean.png,555506,b1704d35cb0ec3e733975d5a0e60813c04205745e749ca28aafd409828ac2956,participant-level raw-versus-reconstructed signal figure
ICLabel_DEAP_Results,figures/s18_raw_vs_clean.png,418558,b2f2b89a87db602822db6cbfec49a328b96f6d9c6e257ea95423b815e022bbee,participant-level raw-versus-reconstructed signal figure
ICLabel_DEAP_Results,figures/s19_raw_vs_clean.png,393880,bcc856da3bf989b318f4acc3ecda932553d86eda9b2eff9b489d507bd7000d4f,participant-level raw-versus-reconstructed signal figure
ICLabel_DEAP_Results,figures/s20_raw_vs_clean.png,489445,738f80ed7f1e2cbcdace7044fae2b61cce47a0a9670e1b3bfa59c90c3801b16b,participant-level raw-versus-reconstructed signal figure
ICLabel_DEAP_Results,figures/s21_raw_vs_clean.png,421494,56dc1af124451aa9ae3e3de8a4639f5f3239beb23f3b26568e94354d4776da1f,participant-level raw-versus-reconstructed signal figure
ICLabel_DEAP_Results,figures/s22_raw_vs_clean.png,311970,d365d1197f43ab1aef137eafb6fa52e13843407593bfa6386c3394eddbe8da1c,participant-level raw-versus-reconstructed signal figure
ICLabel_DEAP_Results,figures/s23_raw_vs_clean.png,538000,31f444048d77ad3ca02df8a0cda316130215a6a873dc18352d7a6017892ba670,participant-level raw-versus-reconstructed signal figure
ICLabel_DEAP_Results,figures/s24_raw_vs_clean.png,337354,3db826da0819064b2caa96a28823ded331971e14ccb10140ddfe157ccf552a6e,participant-level raw-versus-reconstructed signal figure
ICLabel_DEAP_Results,figures/s25_raw_vs_clean.png,483390,58b362f6312b60cb8430eb92a09acc29c889fc1827a5a35dbf6d47ac719e816d,participant-level raw-versus-reconstructed signal figure
ICLabel_DEAP_Results,figures/s26_raw_vs_clean.png,367908,a6e53ebb477659963cbc067981baa1cc2c52de60936efee327cdce22dcc897f5,participant-level raw-versus-reconstructed signal figure
ICLabel_DEAP_Results,figures/s27_raw_vs_clean.png,632738,d08546b95de8ea5d875b5189d9e343d3fe367f137d16ca95bd6855768a19655b,participant-level raw-versus-reconstructed signal figure
ICLabel_DEAP_Results,figures/s28_raw_vs_clean.png,618259,1ac0cd392ee23096864ce8b71f354dc9d446c52850dfd7a1c53d22232e2a4fef,participant-level raw-versus-reconstructed signal figure
ICLabel_DEAP_Results,figures/s29_raw_vs_clean.png,453553,6aacc0fcc77273015452628f08ffbabfdcc8ef60fbbc6a3721aca76df0ec8206,participant-level raw-versus-reconstructed signal figure
ICLabel_DEAP_Results,figures/s30_raw_vs_clean.png,391943,411eb60b64cdf47bf0f8cf8835827dfabceaefb48d8b329019afe099b2aa689e,participant-level raw-versus-reconstructed signal figure
ICLabel_DEAP_Results,figures/s31_raw_vs_clean.png,578185,b8c96844452dbd936ca54ffbca807cebb3db4cbbe78f8dadb7b926a60ca595ed,participant-level raw-versus-reconstructed signal figure
ICLabel_DEAP_Results,figures/s32_raw_vs_clean.png,429184,05b34845c4c3c3b6db62d59ec08149fbada13818b3d588ed2a80430619f0e44c,participant-level raw-versus-reconstructed signal figure
ICLabel_DEAP_Results_CORRECTED,cleaned_data/deap_s01_cleaned.fif,5171252,dd57cc17cc3e53a1c97e568abe21663cc2d19a249eab9b1d761f9d80b5d3cfc3,reconstructed participant-level EEG (FIF)
ICLabel_DEAP_Results_CORRECTED,cleaned_data/deap_s02_cleaned.fif,5171252,25d308fe71e118fef6c3ddff3414f35feb3d2c349362c50b65606e9d01d43a51,reconstructed participant-level EEG (FIF)
ICLabel_DEAP_Results_CORRECTED,cleaned_data/deap_s03_cleaned.fif,5171252,6e474b2437eb3294907fcbb8cf223c666a83dff04daa132144fbd8496f8bbd11,reconstructed participant-level EEG (FIF)
ICLabel_DEAP_Results_CORRECTED,cleaned_data/deap_s04_cleaned.fif,5171252,586ba8bfe5d15d6625c1d6c64eeb18bdd600127c6a893a8653f42937a0a6605a,reconstructed participant-level EEG (FIF)
ICLabel_DEAP_Results_CORRECTED,cleaned_data/deap_s05_cleaned.fif,5171252,9aca592f36106370520653f80ce73703e9d88d81cb0e025d397515c36941438b,reconstructed participant-level EEG (FIF)
ICLabel_DEAP_Results_CORRECTED,cleaned_data/deap_s06_cleaned.fif,5171252,57972bce8e902ff9cbaf9d06218312fb65de835738e318b460afd27b726664b1,reconstructed participant-level EEG (FIF)
ICLabel_DEAP_Results_CORRECTED,cleaned_data/deap_s07_cleaned.fif,5171252,c0b87a03e1c6a835b89ee3d47bcf7631f5fb60c18c7af864deeade7a30f25554,reconstructed participant-level EEG (FIF)
ICLabel_DEAP_Results_CORRECTED,cleaned_data/deap_s08_cleaned.fif,5171252,6993659e2d5f242a3a3cd09716787ed60502425a3976a718f36e3a45ec816862,reconstructed participant-level EEG (FIF)
ICLabel_DEAP_Results_CORRECTED,cleaned_data/deap_s09_cleaned.fif,5171252,6bb703b38bd9fe4a3680bd8cb253ac0cc30bda2aa48d7fc794a647fdfd919270,reconstructed participant-level EEG (FIF)
ICLabel_DEAP_Results_CORRECTED,cleaned_data/deap_s10_cleaned.fif,5171252,adbec0eac4ab70856702619d53f49f9726be1631510c6b97b90051697bd54143,reconstructed participant-level EEG (FIF)
ICLabel_DEAP_Results_CORRECTED,cleaned_data/deap_s11_cleaned.fif,5171252,9fbefadd8daae40c746b293afb3c2e55f93a5050e732a3f6f346944740bfe4ad,reconstructed participant-level EEG (FIF)
ICLabel_DEAP_Results_CORRECTED,cleaned_data/deap_s12_cleaned.fif,5171252,423d0724c468e7919277cee62f03e6ad9cfb971ad7cb34d9d19e70231d6c194c,reconstructed participant-level EEG (FIF)
ICLabel_DEAP_Results_CORRECTED,cleaned_data/deap_s13_cleaned.fif,5171252,e96323b99307a4da94abcc9bfd507847be442d7bb28ef6087571cf2506c8027d,reconstructed participant-level EEG (FIF)
ICLabel_DEAP_Results_CORRECTED,cleaned_data/deap_s14_cleaned.fif,5171252,313abcd5890bea20025597af236672bf46cf8532387b51eb071070bd7ce32e36,reconstructed participant-level EEG (FIF)
ICLabel_DEAP_Results_CORRECTED,cleaned_data/deap_s15_cleaned.fif,5171252,8ac6c74ee4410bd06a35a2945c3c0e340ae7b53c90a9c4e9ccff340bae1d4922,reconstructed participant-level EEG (FIF)
ICLabel_DEAP_Results_CORRECTED,cleaned_data/deap_s16_cleaned.fif,5171252,a914c78e5d12c44bb7d43a65a3e10b551ab2148d66a13d8c6acd94142b2a9466,reconstructed participant-level EEG (FIF)
ICLabel_DEAP_Results_CORRECTED,cleaned_data/deap_s17_cleaned.fif,5171252,3c7e1ae3fa0e76fa79c80663a419ddf40e2fed691bb188c092d5c93d5b6f3e1d,reconstructed participant-level EEG (FIF)
ICLabel_DEAP_Results_CORRECTED,cleaned_data/deap_s18_cleaned.fif,5171252,cd3a4a2a3bc237dc712430390db9463975cb712d0c97f8133d7b24135c129fc3,reconstructed participant-level EEG (FIF)
ICLabel_DEAP_Results_CORRECTED,cleaned_data/deap_s19_cleaned.fif,5171252,829e1e7bd66c9c0a09cd637ed76794a9649adfd2e0277145fc2b273965474d32,reconstructed participant-level EEG (FIF)
ICLabel_DEAP_Results_CORRECTED,cleaned_data/deap_s20_cleaned.fif,5171252,39a0ea7c45936a426d88d80d83f72b94cd4d43bedac1dddcbdb5a8cebbf29f92,reconstructed participant-level EEG (FIF)
ICLabel_DEAP_Results_CORRECTED,cleaned_data/deap_s21_cleaned.fif,5171252,f3092f370a08451ba2810c7d4a816c9f6217794f604b80bf49563d06778886ac,reconstructed participant-level EEG (FIF)
ICLabel_DEAP_Results_CORRECTED,cleaned_data/deap_s22_cleaned.fif,5171252,628be652c1345d57dc35502a02e30d49114cd079dab58b6e2646a1d07c64434d,reconstructed participant-level EEG (FIF)
ICLabel_DEAP_Results_CORRECTED,cleaned_data/deap_s23_cleaned.fif,5171252,b6258b76401220b2abad79319258af1cc47250c1b2ea1e4b94dbb6258b905507,reconstructed participant-level EEG (FIF)
ICLabel_DEAP_Results_CORRECTED,cleaned_data/deap_s24_cleaned.fif,5171252,6b45d3fe5898d7c6dee802fc10d753e5480f5490f338ccaa4535dcf99e4ebf47,reconstructed participant-level EEG (FIF)
ICLabel_DEAP_Results_CORRECTED,cleaned_data/deap_s25_cleaned.fif,5171252,38e9c8f2b886ce0e63fce6322450feb1110208e0eec39f44e50a33a6b54c0f5e,reconstructed participant-level EEG (FIF)
ICLabel_DEAP_Results_CORRECTED,cleaned_data/deap_s26_cleaned.fif,5171252,cd0aa5b9297abac3590eeeef004e71605cc0eeee3bc6e9a8122e1e9290784660,reconstructed participant-level EEG (FIF)
ICLabel_DEAP_Results_CORRECTED,cleaned_data/deap_s27_cleaned.fif,5171252,77ecf5672534a47ca65ad9e6d94545b9864c9f3ed39f4875b18c43afcd87fd84,reconstructed participant-level EEG (FIF)
ICLabel_DEAP_Results_CORRECTED,cleaned_data/deap_s28_cleaned.fif,5171252,b197f99d577e2a38e7f7234c0e71d440743f45f79f7a18aeba41d3e125dc3768,reconstructed participant-level EEG (FIF)
ICLabel_DEAP_Results_CORRECTED,cleaned_data/deap_s29_cleaned.fif,5171252,d79cbc8d6b3e93d52edf712222629973f6041c633e88f4d76530bbc51d14d43a,reconstructed participant-level EEG (FIF)
ICLabel_DEAP_Results_CORRECTED,cleaned_data/deap_s30_cleaned.fif,5171252,aa0b8e82345c88a801a971e952c8ad1012e12f7b613b95f5ab19ffe80aefdfc2,reconstructed participant-level EEG (FIF)
ICLabel_DEAP_Results_CORRECTED,cleaned_data/deap_s31_cleaned.fif,5171252,03c331c65d4ec391aca8bd329ae00115a3f09de949cafb8d957f15d95ed73833,reconstructed participant-level EEG (FIF)
ICLabel_DEAP_Results_CORRECTED,cleaned_data/deap_s32_cleaned.fif,5171252,872ef413f5368bd609a815b4b40f64dd450db6d1bd83949383acb080c2d0d113,reconstructed participant-level EEG (FIF)
ICLabel_DEAP_Results_CORRECTED,figures/s01_raw_vs_clean.png,534823,9a4aa08b733ada156378a82a6af3fd77478a4f2984c4b6635414949120caa7d1,participant-level raw-versus-reconstructed signal figure
ICLabel_DEAP_Results_CORRECTED,figures/s02_raw_vs_clean.png,369239,26b3d318bce227bb50145e1348102b911678c217b8e6eb8fec54c4d701127087,participant-level raw-versus-reconstructed signal figure
ICLabel_DEAP_Results_CORRECTED,figures/s03_raw_vs_clean.png,462485,964c6b26831d73295b56f14a5269f5ef82be412a087c059800cd7fc430f18ffb,participant-level raw-versus-reconstructed signal figure
ICLabel_DEAP_Results_CORRECTED,figures/s04_raw_vs_clean.png,401771,9a117da3213d5408834ad63943c66f27997b0fe4abb21f03793272773386d704,participant-level raw-versus-reconstructed signal figure
ICLabel_DEAP_Results_CORRECTED,figures/s05_raw_vs_clean.png,376873,64389d0862703538936ebbbb4a90c99ae840fd12961e62fe9cf6ea0f43d7056a,participant-level raw-versus-reconstructed signal figure
ICLabel_DEAP_Results_CORRECTED,figures/s06_raw_vs_clean.png,549010,a0554bb1225695d4ada3b96e40416ca15accda9f585378b770dc8d399a073666,participant-level raw-versus-reconstructed signal figure
ICLabel_DEAP_Results_CORRECTED,figures/s07_raw_vs_clean.png,668763,cde1c1732293fd5f0f26628b4fe4b94829afe562047a4eabb303dfad4e5e22b9,participant-level raw-versus-reconstructed signal figure
ICLabel_DEAP_Results_CORRECTED,figures/s08_raw_vs_clean.png,456212,27a575423828b541f80d1d89e8d92770b3d9ec98114366cd8386f0a302aa2739,participant-level raw-versus-reconstructed signal figure
ICLabel_DEAP_Results_CORRECTED,figures/s09_raw_vs_clean.png,417966,4f6a8f2f59c6eafde72e25b9922e4e4e511e9aa37016de3be6dc3563e3c9a364,participant-level raw-versus-reconstructed signal figure
ICLabel_DEAP_Results_CORRECTED,figures/s10_raw_vs_clean.png,401248,222db468fc32374157ff8d10c437f78966c4efcc2b259d9d60cb7b297bd18343,participant-level raw-versus-reconstructed signal figure
ICLabel_DEAP_Results_CORRECTED,figures/s11_raw_vs_clean.png,403735,da8d732d0697cf2a57e83413dbdae446b1a9089485a27258f6a3441b3c3e0049,participant-level raw-versus-reconstructed signal figure
ICLabel_DEAP_Results_CORRECTED,figures/s12_raw_vs_clean.png,471613,9c833065214ea158e8bf60fe344a7d73d551060f50b464bf37c0ff2b64be4b4e,participant-level raw-versus-reconstructed signal figure
ICLabel_DEAP_Results_CORRECTED,figures/s13_raw_vs_clean.png,582929,bab7c9d4afbf6bf5861ca27f7ae662b2e2864da910073629fd742d9f0002a771,participant-level raw-versus-reconstructed signal figure
ICLabel_DEAP_Results_CORRECTED,figures/s14_raw_vs_clean.png,542922,41e28c902939d8ef998a71be8a5a5dd0a1b103f0f5dc171e505b32377c9c215b,participant-level raw-versus-reconstructed signal figure
ICLabel_DEAP_Results_CORRECTED,figures/s15_raw_vs_clean.png,553313,a308f3a3e3e6abe1f8ef00f5c0b9d3739ac72a48fd1bf496a33efe645551786c,participant-level raw-versus-reconstructed signal figure
ICLabel_DEAP_Results_CORRECTED,figures/s16_raw_vs_clean.png,507274,37231e6ec740f4efe12bb45e1a38f9f88b1ef897e247477aba69a6f10c26327e,participant-level raw-versus-reconstructed signal figure
ICLabel_DEAP_Results_CORRECTED,figures/s17_raw_vs_clean.png,661719,cf9e1032c7f9d18db5bd17dd9e2c862d34fb246299443e27df7eb7777e78b5a6,participant-level raw-versus-reconstructed signal figure
ICLabel_DEAP_Results_CORRECTED,figures/s18_raw_vs_clean.png,425729,54b3f4ca068bb313ebdcea9b73db258e9b7404b37d90c3e294698245d4d6addc,participant-level raw-versus-reconstructed signal figure
ICLabel_DEAP_Results_CORRECTED,figures/s19_raw_vs_clean.png,413246,5306442d2800eaadc7c13145e88849ee9c58ceff5a9480b078e24db353e4d9ce,participant-level raw-versus-reconstructed signal figure
ICLabel_DEAP_Results_CORRECTED,figures/s20_raw_vs_clean.png,607694,fbe66e528e22af8f4ad3d4bc5258fc364196bbd6fa49460186f6f083e4880cd9,participant-level raw-versus-reconstructed signal figure
ICLabel_DEAP_Results_CORRECTED,figures/s21_raw_vs_clean.png,421565,daafd43ee478f59f0dae9745c46b0f0349f769cf6a469a99c32ed5db9ac54aca,participant-level raw-versus-reconstructed signal figure
ICLabel_DEAP_Results_CORRECTED,figures/s22_raw_vs_clean.png,426236,d29efbb2948f25159b714843efebee04ea22fe75b86b2ec992386844f266b5a2,participant-level raw-versus-reconstructed signal figure
ICLabel_DEAP_Results_CORRECTED,figures/s23_raw_vs_clean.png,507235,d530925e2293623d0370cd75c80c517a659c04213e38b06300f79bec4b91b1cc,participant-level raw-versus-reconstructed signal figure
ICLabel_DEAP_Results_CORRECTED,figures/s24_raw_vs_clean.png,345158,ff54e4a2a11f3bf0b5465154ee0facddbfe79e17f8f13f8f408c1e92a863ad4f,participant-level raw-versus-reconstructed signal figure
ICLabel_DEAP_Results_CORRECTED,figures/s25_raw_vs_clean.png,488725,2a9182d4ac425240b929fd403c20a26ec84e9c1b25ecac854e57359650fb8360,participant-level raw-versus-reconstructed signal figure
ICLabel_DEAP_Results_CORRECTED,figures/s26_raw_vs_clean.png,375307,545e18f9e9e16ca11b699c8fc3e665c6455b398e2277f4d0af179cd994da99bb,participant-level raw-versus-reconstructed signal figure
ICLabel_DEAP_Results_CORRECTED,figures/s27_raw_vs_clean.png,608595,51e093f2bf4a7ff0a86ed41382b7f8d1491848aea4bd7faa9693e4492ea469cb,participant-level raw-versus-reconstructed signal figure
ICLabel_DEAP_Results_CORRECTED,figures/s28_raw_vs_clean.png,623702,34a3ece275a7a5a5520ff23df52c0acd26bcb478ba6199f70fba5cd8c92738a5,participant-level raw-versus-reconstructed signal figure
ICLabel_DEAP_Results_CORRECTED,figures/s29_raw_vs_clean.png,451681,af962baa92e90c03775121000cb7955d0008167deb6b0cfb9ef0ca7195f1a1ec,participant-level raw-versus-reconstructed signal figure
ICLabel_DEAP_Results_CORRECTED,figures/s30_raw_vs_clean.png,402296,7ec9cea301b5013c0856681d3f48c128d1fe8a39df7a4ae4a9c7dc1cafded5a1,participant-level raw-versus-reconstructed signal figure
ICLabel_DEAP_Results_CORRECTED,figures/s31_raw_vs_clean.png,602251,b6ec798aa06f3ff420b2bb3eff459f152f7b8a9f829b234eeaa0303af4dae72a,participant-level raw-versus-reconstructed signal figure
ICLabel_DEAP_Results_CORRECTED,figures/s32_raw_vs_clean.png,443922,1e9b8776d31b4ba0487d82ee16549dfb696b6c1b230aedd919e4855a87ca5230,participant-level raw-versus-reconstructed signal figure
ICLabel_DEAP_Results_CORRECTED_V2,cleaned_data/deap_s01_cleaned_eeg.fif,5171252,d4344c58cbf823679663a57be2ccfadd1d612a6a4d9297f1977f7614c7e0eec6,reconstructed participant-level EEG (FIF)
ICLabel_DEAP_Results_CORRECTED_V2,cleaned_data/deap_s02_cleaned_eeg.fif,5171252,6a72ce998e784bcb84bc82180df5b5346b891aa0df2e98422f750fb4ef72e703,reconstructed participant-level EEG (FIF)
ICLabel_DEAP_Results_CORRECTED_V2,cleaned_data/deap_s03_cleaned_eeg.fif,5171252,d003e14a652b5e5e5d7d3f584a72c80445214288882e8e4a4ae3f7fdfe85711b,reconstructed participant-level EEG (FIF)
ICLabel_DEAP_Results_CORRECTED_V2,cleaned_data/deap_s04_cleaned_eeg.fif,5171252,6cd4387811f89960793e6a9fccc51f5a9828bb7b982621fc39692c94751398d8,reconstructed participant-level EEG (FIF)
ICLabel_DEAP_Results_CORRECTED_V2,cleaned_data/deap_s05_cleaned_eeg.fif,5171252,a0c883400c9f4bb2c5bc2ee71fea6c9f41ee9fb8b11e18430ac67ec416b9d20d,reconstructed participant-level EEG (FIF)
ICLabel_DEAP_Results_CORRECTED_V2,cleaned_data/deap_s06_cleaned_eeg.fif,5171252,1c1a5c262d9a4ca6dbf944df9194a63f38294c9a88d3b9ff4c60598781254c8f,reconstructed participant-level EEG (FIF)
ICLabel_DEAP_Results_CORRECTED_V2,cleaned_data/deap_s07_cleaned_eeg.fif,5171252,22aae01f4341a0acfb8df048d40ecca136313b64c991d4e323f543960c216062,reconstructed participant-level EEG (FIF)
ICLabel_DEAP_Results_CORRECTED_V2,cleaned_data/deap_s08_cleaned_eeg.fif,5171252,53dfbaa4d7b0c2d9cc07ff993841b8d1804a82a475ca7ed57c0315df0680ad4b,reconstructed participant-level EEG (FIF)
ICLabel_DEAP_Results_CORRECTED_V2,cleaned_data/deap_s09_cleaned_eeg.fif,5171252,edb0f5d942b3c02e981aedf8d50dd8046239eec0004d106558312a9ae9ae67d8,reconstructed participant-level EEG (FIF)
ICLabel_DEAP_Results_CORRECTED_V2,cleaned_data/deap_s10_cleaned_eeg.fif,5171252,bfe92d02876490cb5e5aa7bb0504f7d8a406e8a7e53c1610aca79f2240c14ed0,reconstructed participant-level EEG (FIF)
ICLabel_DEAP_Results_CORRECTED_V2,cleaned_data/deap_s11_cleaned_eeg.fif,5171252,918651caad4c1d9bedb14688ef8b1cff6e0152b36bd8e2642a67b1e6e27047af,reconstructed participant-level EEG (FIF)
ICLabel_DEAP_Results_CORRECTED_V2,cleaned_data/deap_s12_cleaned_eeg.fif,5171252,c98ace44483855c294c90617e53ab66172d026f20e57dd92857ec42852d91c9d,reconstructed participant-level EEG (FIF)
ICLabel_DEAP_Results_CORRECTED_V2,cleaned_data/deap_s13_cleaned_eeg.fif,5171252,94385dcd9b3cdd29804f35e92702767ef89d5acb102e99a6126d44904aa65919,reconstructed participant-level EEG (FIF)
ICLabel_DEAP_Results_CORRECTED_V2,cleaned_data/deap_s14_cleaned_eeg.fif,5171252,733c58f1e569cc645528e21ac65368a95c4e6df917721d87623e22632c33023c,reconstructed participant-level EEG (FIF)
ICLabel_DEAP_Results_CORRECTED_V2,cleaned_data/deap_s15_cleaned_eeg.fif,5171252,03898167fb82373a08e37b91f86bf3129ca35a7d6b6cbbe39b683a09afa3dbb7,reconstructed participant-level EEG (FIF)
ICLabel_DEAP_Results_CORRECTED_V2,cleaned_data/deap_s16_cleaned_eeg.fif,5171252,c2ce98a18a9672a9489df8517baa41def54f963909e9c62980949e7e7ca7ba8f,reconstructed participant-level EEG (FIF)
ICLabel_DEAP_Results_CORRECTED_V2,cleaned_data/deap_s17_cleaned_eeg.fif,5171252,71d790b91dc344fd9399c65eb80f2b33e3b1011d328b118451847b6399a0a31b,reconstructed participant-level EEG (FIF)
ICLabel_DEAP_Results_CORRECTED_V2,cleaned_data/deap_s18_cleaned_eeg.fif,5171252,5b483771d5f5b4d7fd147e4c5f9614554b7603b0ebd0feced46974ad57eb1ef5,reconstructed participant-level EEG (FIF)
ICLabel_DEAP_Results_CORRECTED_V2,cleaned_data/deap_s19_cleaned_eeg.fif,5171252,320da74c07cad067b63f1f51e9e76c687e02f717b0d05b3e5d90f8d1432da5a6,reconstructed participant-level EEG (FIF)
ICLabel_DEAP_Results_CORRECTED_V2,cleaned_data/deap_s20_cleaned_eeg.fif,5171252,f5204d6ebf9c323f7707a67b4a7ba750b2b77b3643f6e604058fa94883cc3ec0,reconstructed participant-level EEG (FIF)
ICLabel_DEAP_Results_CORRECTED_V2,cleaned_data/deap_s21_cleaned_eeg.fif,5171252,537e860abdd1b7423d243cfe43cd515b551dd2760a1975a97aac6183f595d98a,reconstructed participant-level EEG (FIF)
ICLabel_DEAP_Results_CORRECTED_V2,cleaned_data/deap_s22_cleaned_eeg.fif,5171252,727c768d84d75504b339109a27bc08b22a29ec0fc51ee6cc5b3cc55d86b9f6c4,reconstructed participant-level EEG (FIF)
ICLabel_DEAP_Results_CORRECTED_V2,cleaned_data/deap_s23_cleaned_eeg.fif,5171252,c79cd0b4e0f9163a56f74b2ed63b7052b953ac42d135298d74b29614d4e08181,reconstructed participant-level EEG (FIF)
ICLabel_DEAP_Results_CORRECTED_V2,cleaned_data/deap_s24_cleaned_eeg.fif,5171252,bd6fd0bca81e4184ee769d93b568f33f994ac42bdaa0ae463b096f38245b105b,reconstructed participant-level EEG (FIF)
ICLabel_DEAP_Results_CORRECTED_V2,cleaned_data/deap_s25_cleaned_eeg.fif,5171252,a8d99fd98a55860182f30452c755b3316e2f424b643a91622059abfc63cceb37,reconstructed participant-level EEG (FIF)
ICLabel_DEAP_Results_CORRECTED_V2,cleaned_data/deap_s26_cleaned_eeg.fif,5171252,1586e5b6bdac394af9c6650bcfdff2d28891e64e5309294e0f05b76bc0512207,reconstructed participant-level EEG (FIF)
ICLabel_DEAP_Results_CORRECTED_V2,cleaned_data/deap_s27_cleaned_eeg.fif,5171252,d0c8917d1c5f88f4fde9a7eea1a521dbb50296c226692078e19996f76167dcee,reconstructed participant-level EEG (FIF)
ICLabel_DEAP_Results_CORRECTED_V2,cleaned_data/deap_s28_cleaned_eeg.fif,5171252,6fa9baba46981649563da456c456bdb40141f77f9f0e5014a0a5cc157d7d370e,reconstructed participant-level EEG (FIF)
ICLabel_DEAP_Results_CORRECTED_V2,cleaned_data/deap_s29_cleaned_eeg.fif,5171252,27bef94e4b936c8544dfaced87e11fbad5b5b478bcc11a789379fbc9075fe75a,reconstructed participant-level EEG (FIF)
ICLabel_DEAP_Results_CORRECTED_V2,cleaned_data/deap_s30_cleaned_eeg.fif,5171252,cbb699b06da93378ee4a9263a899b93e463713ce05500d026310df0e4197e01e,reconstructed participant-level EEG (FIF)
ICLabel_DEAP_Results_CORRECTED_V2,cleaned_data/deap_s31_cleaned_eeg.fif,5171252,62fa66d5545304708d1d9a1d3e60676e59f97da989174ea477754efdffc5fe45,reconstructed participant-level EEG (FIF)
ICLabel_DEAP_Results_CORRECTED_V2,cleaned_data/deap_s32_cleaned_eeg.fif,5171252,e08023d4103a480b4fa961d6ed751c5580cf6ca4a64ee72c1a5a0377271d888e,reconstructed participant-level EEG (FIF)
ICLabel_DEAP_Results_CORRECTED_V2,figures/s01_raw_vs_clean.png,533681,a49321187be3e88bf888537083195d29724eb8ac0428417ec4e737573e9fd29d,participant-level raw-versus-reconstructed signal figure
ICLabel_DEAP_Results_CORRECTED_V2,figures/s02_raw_vs_clean.png,366964,282acce3655bafdb3b08ed50870451ad2a8960e162f331dcaee0aabb3ef472e9,participant-level raw-versus-reconstructed signal figure
ICLabel_DEAP_Results_CORRECTED_V2,figures/s03_raw_vs_clean.png,462346,c805dbcd13056ed98da066a1ec1344affbc7f35d81f5ff5cc3eedd58f573ca1f,participant-level raw-versus-reconstructed signal figure
ICLabel_DEAP_Results_CORRECTED_V2,figures/s04_raw_vs_clean.png,399590,46999a35e4c788a99270a083ff62317b44b364d2b9649a102cfd101effa06d81,participant-level raw-versus-reconstructed signal figure
ICLabel_DEAP_Results_CORRECTED_V2,figures/s05_raw_vs_clean.png,374981,7f96313afd925c642957415b4009275a3426dae2e27914e9d32f451254cb521a,participant-level raw-versus-reconstructed signal figure
ICLabel_DEAP_Results_CORRECTED_V2,figures/s06_raw_vs_clean.png,547160,6d38e87baa2f5783d4812efaa63b7de2cc6329dd6cf3674c3d459965bde03fe8,participant-level raw-versus-reconstructed signal figure
ICLabel_DEAP_Results_CORRECTED_V2,figures/s07_raw_vs_clean.png,668963,47b4efec8438836c0e632eba0c8e7e55f8951d6b12f2ed5e1de5d39550294198,participant-level raw-versus-reconstructed signal figure
ICLabel_DEAP_Results_CORRECTED_V2,figures/s08_raw_vs_clean.png,451965,d7fbb427a920ff88929010cfc7dd607df26f796fd5c782692df3a435360e2d5a,participant-level raw-versus-reconstructed signal figure
ICLabel_DEAP_Results_CORRECTED_V2,figures/s09_raw_vs_clean.png,415963,f0224461510531393ac2a5257c256aa711b9dd2a9c879a716186344a6061cfa9,participant-level raw-versus-reconstructed signal figure
ICLabel_DEAP_Results_CORRECTED_V2,figures/s10_raw_vs_clean.png,399594,97daa26c2f9208463c518959ba6c7b1ed930158c69a06a1a3764ea3895e48ed7,participant-level raw-versus-reconstructed signal figure
ICLabel_DEAP_Results_CORRECTED_V2,figures/s11_raw_vs_clean.png,402472,12a1dc41ea7f16ee7cb10bd4ed4671d328c4aa0d81b83279af8146a5229e193d,participant-level raw-versus-reconstructed signal figure
ICLabel_DEAP_Results_CORRECTED_V2,figures/s12_raw_vs_clean.png,469416,eeea66b8e31d19a6de32b4db5ee8fdbf70d709421b88479f21d29e2d55345144,participant-level raw-versus-reconstructed signal figure
ICLabel_DEAP_Results_CORRECTED_V2,figures/s13_raw_vs_clean.png,579896,35376d3456e4fca19d04e32d02a5c4cadc99a0887e75a3a9b8b3249329e9eee7,participant-level raw-versus-reconstructed signal figure
ICLabel_DEAP_Results_CORRECTED_V2,figures/s14_raw_vs_clean.png,541844,41b056c06788c102fb1cc0aef8498af038a02dd257a32ac28954898314f7cc35,participant-level raw-versus-reconstructed signal figure
ICLabel_DEAP_Results_CORRECTED_V2,figures/s15_raw_vs_clean.png,553664,0487d8f0b02e8433d1cd6f9da875ceeede9ba0c827733376b3821c638ff0f5b9,participant-level raw-versus-reconstructed signal figure
ICLabel_DEAP_Results_CORRECTED_V2,figures/s16_raw_vs_clean.png,504962,bbc86818d9e7b5e4f3f74f525048014a4651d248eb1a1386fb71f3548a3ea8fb,participant-level raw-versus-reconstructed signal figure
ICLabel_DEAP_Results_CORRECTED_V2,figures/s17_raw_vs_clean.png,659014,1eaf8da545446ce5e87b334236ed0fc72a168d0864fcb0f6ddf9e2fa9947400e,participant-level raw-versus-reconstructed signal figure
ICLabel_DEAP_Results_CORRECTED_V2,figures/s18_raw_vs_clean.png,423813,95a1e3ba8df5292c1dfbbbbb817dff05e18131e1cdb42e974b9a61f09dc61b19,participant-level raw-versus-reconstructed signal figure
ICLabel_DEAP_Results_CORRECTED_V2,figures/s19_raw_vs_clean.png,411745,dbe29bdc2bae1e091095a4ddca89b87bd39f4f6b45452b47c0693cc6f4e19c8a,participant-level raw-versus-reconstructed signal figure
ICLabel_DEAP_Results_CORRECTED_V2,figures/s20_raw_vs_clean.png,603504,34080b3c3138548eaace60e3fdf2cb896249ad21d08a744c89fcedf62ce0f2e0,participant-level raw-versus-reconstructed signal figure
ICLabel_DEAP_Results_CORRECTED_V2,figures/s21_raw_vs_clean.png,419718,5b0ebbe482324a0d0b96c5cb4302960ef9c4bc1d06e1cc0434b569fcd1aede36,participant-level raw-versus-reconstructed signal figure
ICLabel_DEAP_Results_CORRECTED_V2,figures/s22_raw_vs_clean.png,424160,bb1ce84548f7a6eed9f623e920ccf9091e1582f7d553b19ecdf87454c5be8e4c,participant-level raw-versus-reconstructed signal figure
ICLabel_DEAP_Results_CORRECTED_V2,figures/s23_raw_vs_clean.png,503754,3af4bf7d418754955a9b40072319371b5869f3a1d60f21f8fbe8d77970809228,participant-level raw-versus-reconstructed signal figure
ICLabel_DEAP_Results_CORRECTED_V2,figures/s24_raw_vs_clean.png,342858,5625694faac00141ffc8175e92c2d2c5bad26d8011861b4ccf0f3a13c73116ef,participant-level raw-versus-reconstructed signal figure
ICLabel_DEAP_Results_CORRECTED_V2,figures/s25_raw_vs_clean.png,488520,ec8b028daa1e311c90f321570b8710868f2fa4d6ad493f03f7fd99d5315f2022,participant-level raw-versus-reconstructed signal figure
ICLabel_DEAP_Results_CORRECTED_V2,figures/s26_raw_vs_clean.png,373747,9d7d2edaf0421aa2f6e56f250febd4aaac60960c02a447caf7aaf2b38c826556,participant-level raw-versus-reconstructed signal figure
ICLabel_DEAP_Results_CORRECTED_V2,figures/s27_raw_vs_clean.png,606378,31fc948a3c1b24f093a294022bbfe2bea494a35f17d5cc61efe02732ce75c401,participant-level raw-versus-reconstructed signal figure
ICLabel_DEAP_Results_CORRECTED_V2,figures/s28_raw_vs_clean.png,622766,7f1c248be39eb8368b11811d445df14fdbd7519a2414419046458b1369ff861a,participant-level raw-versus-reconstructed signal figure
ICLabel_DEAP_Results_CORRECTED_V2,figures/s29_raw_vs_clean.png,450101,251e219ae6c5039a87de4b47f03178ed8669068a6582e9e31c88d1b5ae1d8d44,participant-level raw-versus-reconstructed signal figure
ICLabel_DEAP_Results_CORRECTED_V2,figures/s30_raw_vs_clean.png,401239,4a590666d655b427478219139419d9813e16fb8abe5c4d2e21436c77ef7c785a,participant-level raw-versus-reconstructed signal figure
ICLabel_DEAP_Results_CORRECTED_V2,figures/s31_raw_vs_clean.png,587295,9a0d02a33e4967962e38f449d5099e82a5fcc1948e9273940c8ed0275111749c,participant-level raw-versus-reconstructed signal figure
ICLabel_DEAP_Results_CORRECTED_V2,figures/s32_raw_vs_clean.png,441908,173e14532dca382bc38edec2916004fee4b1b044b0e1af10ae0c5c2472b54897,participant-level raw-versus-reconstructed signal figure
ICLabel_DEAP_Results_CORRECTED_V3,cleaned_data/deap_s01_cleaned_eeg.fif,5138452,660d87ecb3822631f078a83b2042c5e7731740008b45b8013ceb553cc6aa1f9e,reconstructed participant-level EEG (FIF)
ICLabel_DEAP_Results_CORRECTED_V3,cleaned_data/deap_s02_cleaned_eeg.fif,5138452,20d5bb18ddd17f01c3248355395f96070482b09cd8099b357b5a1da072cb28b3,reconstructed participant-level EEG (FIF)
ICLabel_DEAP_Results_CORRECTED_V3,cleaned_data/deap_s03_cleaned_eeg.fif,5138452,7c5db91d0c6844d5717072f34820a3a859f6bc00d51db64932d14c71ac699cce,reconstructed participant-level EEG (FIF)
ICLabel_DEAP_Results_CORRECTED_V3,cleaned_data/deap_s04_cleaned_eeg.fif,5138452,255b37f3c900a22e6ea1fbfbe16fdbd42e519db8235fe250446e43504960a219,reconstructed participant-level EEG (FIF)
ICLabel_DEAP_Results_CORRECTED_V3,cleaned_data/deap_s05_cleaned_eeg.fif,5138452,a5aef9d545191146111541811737f0cbe3141cb065968a9408a89a096dc117b8,reconstructed participant-level EEG (FIF)
ICLabel_DEAP_Results_CORRECTED_V3,cleaned_data/deap_s06_cleaned_eeg.fif,5138452,d9ef00d5759650fd70323bc80c4c4b4f3eef598cb72419d00f03266cef5929b0,reconstructed participant-level EEG (FIF)
ICLabel_DEAP_Results_CORRECTED_V3,cleaned_data/deap_s07_cleaned_eeg.fif,5138452,a6734493cb8a0e94e7baf2508b957bdeaae01ea3eea8bd5ee43f3cebbc97045a,reconstructed participant-level EEG (FIF)
ICLabel_DEAP_Results_CORRECTED_V3,cleaned_data/deap_s08_cleaned_eeg.fif,5138452,b0335bdacbf55b545bb1c2db8c6044a2ff1b545a8c5b91200525b0baabb0fb10,reconstructed participant-level EEG (FIF)
ICLabel_DEAP_Results_CORRECTED_V3,cleaned_data/deap_s09_cleaned_eeg.fif,5138452,e5ddee597331ce5d51efa558bfbc5ccd43aeb1b3a5e589f19f08ef3e45973e6d,reconstructed participant-level EEG (FIF)
ICLabel_DEAP_Results_CORRECTED_V3,cleaned_data/deap_s10_cleaned_eeg.fif,5138452,02acc89b18e80479f7fc8780b35a21385109e5ce30a356fe86d5b36ed69f2c94,reconstructed participant-level EEG (FIF)
ICLabel_DEAP_Results_CORRECTED_V3,cleaned_data/deap_s11_cleaned_eeg.fif,5138452,fdc6d50f3c1a7b414731472477744ad469c6e1e615f83cdcf26dc3dc70379d04,reconstructed participant-level EEG (FIF)
ICLabel_DEAP_Results_CORRECTED_V3,cleaned_data/deap_s12_cleaned_eeg.fif,5138452,c6ca926777e95fe169c18cae834de33e38a1e528fec65332d5381c2121cfa4b4,reconstructed participant-level EEG (FIF)
ICLabel_DEAP_Results_CORRECTED_V3,cleaned_data/deap_s13_cleaned_eeg.fif,5138452,b39bd720250b1a290979ce29230f0db37d573dd22b86bd31d03d661f7e28d11a,reconstructed participant-level EEG (FIF)
ICLabel_DEAP_Results_CORRECTED_V3,cleaned_data/deap_s14_cleaned_eeg.fif,5138452,3610605f9960511b80d7ad3335988d8e327e917b54ba30fd5fc5dfa95a764b82,reconstructed participant-level EEG (FIF)
ICLabel_DEAP_Results_CORRECTED_V3,cleaned_data/deap_s15_cleaned_eeg.fif,5138452,57fc581b44698ba8f544dc9d157f3b6918348b6145d5c8f41ab1863694db8b4f,reconstructed participant-level EEG (FIF)
ICLabel_DEAP_Results_CORRECTED_V3,cleaned_data/deap_s16_cleaned_eeg.fif,5138452,361d47cde42f594dcf66127b972e24ff7f0227108f9b1fc1b321c486c71cf6e3,reconstructed participant-level EEG (FIF)
ICLabel_DEAP_Results_CORRECTED_V3,cleaned_data/deap_s17_cleaned_eeg.fif,5138452,1c92a8929ac42106de7a97f0e476e40ddc31d1025c873376fc381d0b5d8d5f66,reconstructed participant-level EEG (FIF)
ICLabel_DEAP_Results_CORRECTED_V3,cleaned_data/deap_s18_cleaned_eeg.fif,5138452,86f3869ea8d8f966e2760bb1347f43c9267a5aede54845fdc2427bb10673fcb0,reconstructed participant-level EEG (FIF)
ICLabel_DEAP_Results_CORRECTED_V3,cleaned_data/deap_s19_cleaned_eeg.fif,5138452,bd62bd2a02d53321cf288d215e01fcb422d341317ec4b9d523b233529243fb05,reconstructed participant-level EEG (FIF)
ICLabel_DEAP_Results_CORRECTED_V3,cleaned_data/deap_s20_cleaned_eeg.fif,5138452,cce3d780966cf86ea3692d0b37cceb4fc14b2517b1bd3d97056409ecb1cd3523,reconstructed participant-level EEG (FIF)
ICLabel_DEAP_Results_CORRECTED_V3,cleaned_data/deap_s21_cleaned_eeg.fif,5138452,9cb9748f89038419b30fc2231dae6cfb325ff18a646e2f1b3b1bfa641177713b,reconstructed participant-level EEG (FIF)
ICLabel_DEAP_Results_CORRECTED_V3,cleaned_data/deap_s22_cleaned_eeg.fif,5138452,e53e18ce97f483a73fde630046b53dc03ee2838f6c2ff467b1824577262ea85e,reconstructed participant-level EEG (FIF)
ICLabel_DEAP_Results_CORRECTED_V3,cleaned_data/deap_s23_cleaned_eeg.fif,5138452,832ef0f923e071985a4f88fc8a8d975d1287f506aa3e3247328e6edb4d94c81c,reconstructed participant-level EEG (FIF)
ICLabel_DEAP_Results_CORRECTED_V3,cleaned_data/deap_s24_cleaned_eeg.fif,5138452,d0238348aa21345c9f9c466c5d51afddfc7828d30cf1d977aaeea7985947bd33,reconstructed participant-level EEG (FIF)
ICLabel_DEAP_Results_CORRECTED_V3,cleaned_data/deap_s25_cleaned_eeg.fif,5138452,64e373efb0bc43ecf40d32baf4aa28e88888bfed9b7449019b6b871b679f6513,reconstructed participant-level EEG (FIF)
ICLabel_DEAP_Results_CORRECTED_V3,cleaned_data/deap_s26_cleaned_eeg.fif,5138452,b2da8c58a31a266306d87144bb037a7044063c2a89e3a8e8733a9b3bd91ca65c,reconstructed participant-level EEG (FIF)
ICLabel_DEAP_Results_CORRECTED_V3,cleaned_data/deap_s27_cleaned_eeg.fif,5138452,04c3694966bc7fff1746975c3032cbee64b6f0250e1c212920a6d0bbc865160d,reconstructed participant-level EEG (FIF)
ICLabel_DEAP_Results_CORRECTED_V3,cleaned_data/deap_s28_cleaned_eeg.fif,5138452,18cbd2be8312eb0a27bfe4fdcf9ef0db1aa16f8369f064f3760ed0c1c7a9e0eb,reconstructed participant-level EEG (FIF)
ICLabel_DEAP_Results_CORRECTED_V3,cleaned_data/deap_s29_cleaned_eeg.fif,5138452,82c58cb311418be0b12844118d71fc8aa9cef7bd0d0a7e30abe67e01dca1a40a,reconstructed participant-level EEG (FIF)
ICLabel_DEAP_Results_CORRECTED_V3,cleaned_data/deap_s30_cleaned_eeg.fif,5138452,f9050e9d81910678d4e2d5be1b6000c0c509b8c7eb61e5ea4ab0e0a227c1418c,reconstructed participant-level EEG (FIF)
ICLabel_DEAP_Results_CORRECTED_V3,cleaned_data/deap_s31_cleaned_eeg.fif,5138452,6d842513c79c26c98993b5f08157a05a3cba8d6ef8eac5c34cef4d710ca16cfd,reconstructed participant-level EEG (FIF)
ICLabel_DEAP_Results_CORRECTED_V3,cleaned_data/deap_s32_cleaned_eeg.fif,5138452,30738d1592279f47d94310e5e4512dbea24c927988850bf08a9cd7b149fbdde6,reconstructed participant-level EEG (FIF)
ICLabel_DEAP_Results_CORRECTED_V3,figures/s01_raw_vs_clean.png,562434,fa8d0396eb4b6c3e0f4b3d11d2cc4b5f056aeed10ce3133b818aa1797d56e8ff,participant-level raw-versus-reconstructed signal figure
ICLabel_DEAP_Results_CORRECTED_V3,figures/s02_raw_vs_clean.png,364163,c58422104c8cc43502896b373c2c54c678346d597d4c92c1100c7475eae8f0be,participant-level raw-versus-reconstructed signal figure
ICLabel_DEAP_Results_CORRECTED_V3,figures/s03_raw_vs_clean.png,454481,aa04f0f76cbee375da3a1dbc28dba23a0e63293a5cf988569876ae8f7c98900f,participant-level raw-versus-reconstructed signal figure
ICLabel_DEAP_Results_CORRECTED_V3,figures/s04_raw_vs_clean.png,397045,819cff7b97fc491fdfdc80fe50f382f92eafe8c47ec8c7977dfe290f5f8fdf99,participant-level raw-versus-reconstructed signal figure
ICLabel_DEAP_Results_CORRECTED_V3,figures/s05_raw_vs_clean.png,370792,149c982e9ebde0f0dc3dec6157975ac39acee320bca3734145df1bdb76ffb43f,participant-level raw-versus-reconstructed signal figure
ICLabel_DEAP_Results_CORRECTED_V3,figures/s06_raw_vs_clean.png,537161,2b8952e5679abed5e459365e12a51ef15d1c5dac54d0d356f3924d473fa7af1e,participant-level raw-versus-reconstructed signal figure
ICLabel_DEAP_Results_CORRECTED_V3,figures/s07_raw_vs_clean.png,640454,93f86deb5ee68422c98a46eb6c7e47f0107736027723aeab65e94a57e79348de,participant-level raw-versus-reconstructed signal figure
ICLabel_DEAP_Results_CORRECTED_V3,figures/s08_raw_vs_clean.png,434343,fe6085743c974848b8dfd94a29407b8ccca53407197692fdbff55b2a4205bde8,participant-level raw-versus-reconstructed signal figure
ICLabel_DEAP_Results_CORRECTED_V3,figures/s09_raw_vs_clean.png,410340,33d9195108606304a69d37bf273e1ba52c22f3bc149676156009718de00939be,participant-level raw-versus-reconstructed signal figure
ICLabel_DEAP_Results_CORRECTED_V3,figures/s10_raw_vs_clean.png,395733,f9d3b795bde37b85e040058fe15d04dfda9a5e32c4cd02aff15cf0cebd2a45b9,participant-level raw-versus-reconstructed signal figure
ICLabel_DEAP_Results_CORRECTED_V3,figures/s11_raw_vs_clean.png,399582,9ce5faf54a7fba94a2592935411fbd111d5cdb45ca435b2def0c3839767d8d27,participant-level raw-versus-reconstructed signal figure
ICLabel_DEAP_Results_CORRECTED_V3,figures/s12_raw_vs_clean.png,464283,0482d2c6cd2930013d55a050fdbc956cd0e60be8e3952984256ceb7a6f9f0aa7,participant-level raw-versus-reconstructed signal figure
ICLabel_DEAP_Results_CORRECTED_V3,figures/s13_raw_vs_clean.png,569315,20229591dbf7c7fa9c3cedb288a7b7ca555ade0897b8cde13884c211d57444c3,participant-level raw-versus-reconstructed signal figure
ICLabel_DEAP_Results_CORRECTED_V3,figures/s14_raw_vs_clean.png,499254,dd566661910a84fd4e65de01e285b4e8750c4e80dd3efd00838de188e942a1bf,participant-level raw-versus-reconstructed signal figure
ICLabel_DEAP_Results_CORRECTED_V3,figures/s15_raw_vs_clean.png,546785,4277575b0bb8dc5c170b6990fdafd889d31b4a228e0d59df9bf15e5b4fd27f73,participant-level raw-versus-reconstructed signal figure
ICLabel_DEAP_Results_CORRECTED_V3,figures/s16_raw_vs_clean.png,562718,124f54e436cb7c88e4f7377f83ffb7ac0a1504a3a840946703e0f81b670c47b0,participant-level raw-versus-reconstructed signal figure
ICLabel_DEAP_Results_CORRECTED_V3,figures/s17_raw_vs_clean.png,504026,5a2a151043ca08c21e95d484399d004590fbd2dc33adb6559274cf2c7c6ede3b,participant-level raw-versus-reconstructed signal figure
ICLabel_DEAP_Results_CORRECTED_V3,figures/s18_raw_vs_clean.png,418208,b84d00649785d4574b5ad4dd152b61a4817d939078fe5ff81b097bea501eb83a,participant-level raw-versus-reconstructed signal figure
ICLabel_DEAP_Results_CORRECTED_V3,figures/s19_raw_vs_clean.png,301225,a025eda5482128128fca66f2e83b7a2aaff6d0eae85def9ed7d945ceb8c96507,participant-level raw-versus-reconstructed signal figure
ICLabel_DEAP_Results_CORRECTED_V3,figures/s20_raw_vs_clean.png,600053,3dc4120363db6f1d4ec243626176c2e0a39119d99108aed9fee1a6115c78bafa,participant-level raw-versus-reconstructed signal figure
ICLabel_DEAP_Results_CORRECTED_V3,figures/s21_raw_vs_clean.png,407763,b6fa66912ab6af16de153f75f8b8433e76128a69042256a6588b3d1ab93574ad,participant-level raw-versus-reconstructed signal figure
ICLabel_DEAP_Results_CORRECTED_V3,figures/s22_raw_vs_clean.png,421890,6afb69ebaf2db9800c99e4861406f632dd163ed20eac5cb67349397f9b688a34,participant-level raw-versus-reconstructed signal figure
ICLabel_DEAP_Results_CORRECTED_V3,figures/s23_raw_vs_clean.png,498208,b8348eb3e71eb9b2f70c05db6403a487e23bd8d391db160fe4ffbe7cac694824,participant-level raw-versus-reconstructed signal figure
ICLabel_DEAP_Results_CORRECTED_V3,figures/s24_raw_vs_clean.png,339934,e74900c08aae654d39a7ea9a9f2a66bf22b59498fba4d4d8a33ba982c9fb4ee5,participant-level raw-versus-reconstructed signal figure
ICLabel_DEAP_Results_CORRECTED_V3,figures/s25_raw_vs_clean.png,480237,c23a3425d567c3ac12e556e3de1745ed5741ca3377371a6745616192759c763c,participant-level raw-versus-reconstructed signal figure
ICLabel_DEAP_Results_CORRECTED_V3,figures/s26_raw_vs_clean.png,369295,8e39b4dbf3f607133f1068ef7c0902bf91ff324544aa0c24124109afa3191c40,participant-level raw-versus-reconstructed signal figure
ICLabel_DEAP_Results_CORRECTED_V3,figures/s27_raw_vs_clean.png,540926,c538090e251eff95a0db42151cccba4480cdbd68fbea5a3214f0ebae57fdd95c,participant-level raw-versus-reconstructed signal figure
ICLabel_DEAP_Results_CORRECTED_V3,figures/s28_raw_vs_clean.png,625465,f7edca3698fb8c2212f9044cc1d7bd1491ff4a7a9d29988af05a9d7dff0c046a,participant-level raw-versus-reconstructed signal figure
ICLabel_DEAP_Results_CORRECTED_V3,figures/s29_raw_vs_clean.png,456194,0fc9cfc8943533b833496a8082ff02ef534fd7e832a7c6f3df2e3b7e9a09036b,participant-level raw-versus-reconstructed signal figure
ICLabel_DEAP_Results_CORRECTED_V3,figures/s30_raw_vs_clean.png,397591,19f229f76ee8db73f6b36b8049d46b691604d1cbb15ffb19fc0278dca46645e1,participant-level raw-versus-reconstructed signal figure
ICLabel_DEAP_Results_CORRECTED_V3,figures/s31_raw_vs_clean.png,578182,3867d5b9d6f046327baecf78dd5aba1ea3e40450fa51c03c78c3ca31277f1ee3,participant-level raw-versus-reconstructed signal figure
ICLabel_DEAP_Results_CORRECTED_V3,figures/s32_raw_vs_clean.png,466326,62e68e626f50dbb629c3a31b9e5fe0498920459aa336ffcac8b6ad81c5a03808,participant-level raw-versus-reconstructed signal figure
ICLabel_DEAP_Results_CORRECTED_V3,heartbeat_topographies/s01_ic00_heartbeat_p0.51.png,303569,4185eb1804f9d14b2500bb001491799e3f959be23aee84099af16c62a3b33da0,participant-derived IC topography/PSD figure
ICLabel_DEAP_Results_CORRECTED_V3,heartbeat_topographies/s01_ic02_heartbeat_p0.98.png,297890,85bd4ea3bcefff9717de20b996bc9b2529b10ebb5d044227393b5056cffdd376,participant-derived IC topography/PSD figure
ICLabel_DEAP_Results_CORRECTED_V3,heartbeat_topographies/s01_ic03_heartbeat_p0.96.png,300277,dd5f3139278be74d3e71904b5fac4991a88b16bff17d897acb8de1ab061c1424,participant-derived IC topography/PSD figure
ICLabel_DEAP_Results_CORRECTED_V3,heartbeat_topographies/s01_ic04_heartbeat_p0.80.png,292576,65be5b4c50486d86b249d2878c85810ffb706e65c0c6af00338c67b252616d89,participant-derived IC topography/PSD figure
ICLabel_DEAP_Results_CORRECTED_V3,heartbeat_topographies/s01_ic05_heartbeat_p0.98.png,291424,4cee4705abcbe9ea4ef78daecff8aeb42ec05060d46ef9583dc3d2b98721d790,participant-derived IC topography/PSD figure
ICLabel_DEAP_Results_CORRECTED_V3,heartbeat_topographies/s01_ic07_heartbeat_p0.63.png,295637,f72e925b70e83578a1794342c82e7f5e95c246b7a784deb69aad4f151fb98b34,participant-derived IC topography/PSD figure
ICLabel_DEAP_Results_CORRECTED_V3,heartbeat_topographies/s01_ic08_heartbeat_p0.99.png,317285,9eb99c119bbdafafce3f7081ba4d44c7626e9964552b85c0a78b162ddc00e947,participant-derived IC topography/PSD figure
ICLabel_DEAP_Results_CORRECTED_V3,heartbeat_topographies/s01_ic10_heartbeat_p0.96.png,298862,a2558bb0525906dddb3fa8d9ef7eaddda710384512b955b29f35b16e7cc3bbfa,participant-derived IC topography/PSD figure
ICLabel_DEAP_Results_CORRECTED_V3,heartbeat_topographies/s01_ic11_heartbeat_p0.98.png,264267,a54c3a59e0dfdade721d2cade90f506d483df51ed7cebf323a0db1ee63ec6ee8,participant-derived IC topography/PSD figure
ICLabel_DEAP_Results_CORRECTED_V3,heartbeat_topographies/s01_ic12_heartbeat_p0.92.png,266475,6a4f70ab3de3490443c0a52deb808f269726fbf6c418feb88f4da92711f56da6,participant-derived IC topography/PSD figure
ICLabel_DEAP_Results_CORRECTED_V3,heartbeat_topographies/s01_ic13_heartbeat_p0.87.png,269888,975c685db9c3ffbd2e5ef46e0965f7a9f33c02a2e6d2c7cebe5c1b9a9a97253a,participant-derived IC topography/PSD figure
ICLabel_DEAP_Results_CORRECTED_V3,heartbeat_topographies/s01_ic14_heartbeat_p0.99.png,252287,76a0d2e738813517ba1834a71063a84ad0bf3e4d7cfaf59f2bb3b6fb2a3ed6e8,participant-derived IC topography/PSD figure
ICLabel_DEAP_Results_CORRECTED_V3,heartbeat_topographies/s02_ic02_heartbeat_p0.93.png,317659,3b94a1ab4f0d2d7e39f610c2b6f7a0074e2636549d7235085ea9075bbb2d7450,participant-derived IC topography/PSD figure
ICLabel_DEAP_Results_CORRECTED_V3,heartbeat_topographies/s02_ic03_heartbeat_p0.62.png,308946,32c7032384208a209537385f65e4566bdfe3fa5dfbb7d38f20417ffeecb0f7ad,participant-derived IC topography/PSD figure
ICLabel_DEAP_Results_CORRECTED_V3,heartbeat_topographies/s02_ic04_heartbeat_p0.71.png,328273,0dd464b8b7e52e6d4002e49f49e7682cd19cae67e067e312ad1755df259fc1d0,participant-derived IC topography/PSD figure
ICLabel_DEAP_Results_CORRECTED_V3,heartbeat_topographies/s02_ic05_heartbeat_p0.97.png,330831,4149b343ab32c90674cf8dadae3e6737708b7c9ff853e1fe0ebdce87c0894845,participant-derived IC topography/PSD figure
ICLabel_DEAP_Results_CORRECTED_V3,heartbeat_topographies/s02_ic06_heartbeat_p0.89.png,335081,6dbe2f84ec463c911203aeb52c56123c0b5cdc0f3ad6bae0c2a8d7399c6c4d15,participant-derived IC topography/PSD figure
ICLabel_DEAP_Results_CORRECTED_V3,heartbeat_topographies/s02_ic07_heartbeat_p1.00.png,335759,74b4327bd95e7dff1209c3c219d9f84715eef06e9d8d78a5ebe84799ff16231e,participant-derived IC topography/PSD figure
ICLabel_DEAP_Results_CORRECTED_V3,heartbeat_topographies/s02_ic08_heartbeat_p0.99.png,335442,9a5bb89acf62cdef6465761d17961faff7bed200748a8324dfd95bdc9ee3b21a,participant-derived IC topography/PSD figure
ICLabel_DEAP_Results_CORRECTED_V3,heartbeat_topographies/s02_ic09_heartbeat_p0.98.png,317995,5f633fefb576f8b29e95b8c604c27274fb30248a5e0ed55a47b2ead4c23bc8bb,participant-derived IC topography/PSD figure
ICLabel_DEAP_Results_FINAL,cleaned_data/deap_s01_cleaned_eeg.fif,5138452,a5c591c6a5f733604d159f0cb855b405d30284c0aca63a7d552470255bffc873,reconstructed participant-level EEG (FIF)
ICLabel_DEAP_Results_FINAL,cleaned_data/deap_s02_cleaned_eeg.fif,5138452,71536d9602f1c01707d3153e6d43b9ab86c9ef0926e407291927e9126a5159ba,reconstructed participant-level EEG (FIF)
ICLabel_DEAP_Results_FINAL,cleaned_data/deap_s03_cleaned_eeg.fif,5138452,a15cd82739612fa996760093ca9654bf8385942f5b138e6b0a85d18e428bb028,reconstructed participant-level EEG (FIF)
ICLabel_DEAP_Results_FINAL,cleaned_data/deap_s04_cleaned_eeg.fif,5138452,1f21c17b9fcfac34a8d36606972ba4c6b3ec7a3bf1b68d68c440e8530beb4c97,reconstructed participant-level EEG (FIF)
ICLabel_DEAP_Results_FINAL,cleaned_data/deap_s05_cleaned_eeg.fif,5138452,bf43b45dbce1a83f647bb63c135a4515013351b283179a0cb38f471e9162ba2e,reconstructed participant-level EEG (FIF)
ICLabel_DEAP_Results_FINAL,cleaned_data/deap_s06_cleaned_eeg.fif,5138452,0045f6b06c1a0d20b60951b1cceef58302cc4bf48de040bbc93f72bfd26819ff,reconstructed participant-level EEG (FIF)
ICLabel_DEAP_Results_FINAL,cleaned_data/deap_s07_cleaned_eeg.fif,5138452,ddbece1e15109487549f36dadb67f5614a89333804cf041c77f3f40907688e5a,reconstructed participant-level EEG (FIF)
ICLabel_DEAP_Results_FINAL,cleaned_data/deap_s08_cleaned_eeg.fif,5138452,9c31e9a1ff6d9da6c8cc0319847a780806210fde88a4b46f08d0b6eaffef819b,reconstructed participant-level EEG (FIF)
ICLabel_DEAP_Results_FINAL,cleaned_data/deap_s09_cleaned_eeg.fif,5138452,c8a8cde74d0acf27b45ed64fbf9875dbcfa58ee998976f1f77c9a6fcad8aa799,reconstructed participant-level EEG (FIF)
ICLabel_DEAP_Results_FINAL,cleaned_data/deap_s10_cleaned_eeg.fif,5138452,3dbf8aff1d46a3c9fe71b56008bbe075b55891a9d40af7b5c2a6f6fa3218fec5,reconstructed participant-level EEG (FIF)
ICLabel_DEAP_Results_FINAL,cleaned_data/deap_s11_cleaned_eeg.fif,5138452,090cea6165d4b59649a91872766e54d57021d87155f999a02c70ccd76791a91d,reconstructed participant-level EEG (FIF)
ICLabel_DEAP_Results_FINAL,cleaned_data/deap_s12_cleaned_eeg.fif,5138452,37fa8b841d13d9f5fe4a15a6e281b0cf0621001797251f08f4080f94d74c3acc,reconstructed participant-level EEG (FIF)
ICLabel_DEAP_Results_FINAL,cleaned_data/deap_s13_cleaned_eeg.fif,5138452,e3499c5be8912bd0f4e62a043267d091546dcf25e8ef92c3c8d4126538a4429c,reconstructed participant-level EEG (FIF)
ICLabel_DEAP_Results_FINAL,cleaned_data/deap_s14_cleaned_eeg.fif,5138452,8bd4cb1ed3e67672967a167209d264462fb472b089da31d26c3d5f8932ec6370,reconstructed participant-level EEG (FIF)
ICLabel_DEAP_Results_FINAL,cleaned_data/deap_s15_cleaned_eeg.fif,5138452,72ba3c40c9203388cda821b6e92a634952272396dc29a4af9f655c0feac09ed6,reconstructed participant-level EEG (FIF)
ICLabel_DEAP_Results_FINAL,cleaned_data/deap_s16_cleaned_eeg.fif,5138452,d160882d7d304af216625017ccfd27d264eaff264810ca5aae1db38ae74b4578,reconstructed participant-level EEG (FIF)
ICLabel_DEAP_Results_FINAL,cleaned_data/deap_s17_cleaned_eeg.fif,5138452,2991274a33e60025ee411ef338bb4e165d6d088f3806d6e8bb20a52a99edb5c1,reconstructed participant-level EEG (FIF)
ICLabel_DEAP_Results_FINAL,cleaned_data/deap_s18_cleaned_eeg.fif,5138452,31086762ab20c6f9a085d1037823bbb8e8594cdec7112fef47a571941d7c2443,reconstructed participant-level EEG (FIF)
ICLabel_DEAP_Results_FINAL,cleaned_data/deap_s19_cleaned_eeg.fif,5138452,779d5576fa44aadfeafc726cde04135398ece936393d7ce54a77d71a141570c4,reconstructed participant-level EEG (FIF)
ICLabel_DEAP_Results_FINAL,cleaned_data/deap_s20_cleaned_eeg.fif,5138452,5ec79ce602f9fae70f5ec7b81f1805b94cdf4d4969febb9b2f85738c88b9919b,reconstructed participant-level EEG (FIF)
ICLabel_DEAP_Results_FINAL,cleaned_data/deap_s21_cleaned_eeg.fif,5138452,6f990e9b63028b2b3b39e98648de1d0742fbd0a974f7dc82b166aa959330ca50,reconstructed participant-level EEG (FIF)
ICLabel_DEAP_Results_FINAL,cleaned_data/deap_s22_cleaned_eeg.fif,5138452,17d2811b389f3a417ef97354eb225365ea4b8c6f816142d8388ac4c732496dbf,reconstructed participant-level EEG (FIF)
ICLabel_DEAP_Results_FINAL,cleaned_data/deap_s23_cleaned_eeg.fif,5138452,e83a9934187aa9f27238654bacf9932e748d71d4e1ac9e36e36e0e45bb0dfcf8,reconstructed participant-level EEG (FIF)
ICLabel_DEAP_Results_FINAL,cleaned_data/deap_s24_cleaned_eeg.fif,5138452,3c7dd62be0ddd2384fcc52138e274061ffd98f888656710069559b69e6d99047,reconstructed participant-level EEG (FIF)
ICLabel_DEAP_Results_FINAL,cleaned_data/deap_s25_cleaned_eeg.fif,5138452,ad028872e7fe198a6150131b4285280c8d6f8a9c8b827db9f45100c32bca76d6,reconstructed participant-level EEG (FIF)
ICLabel_DEAP_Results_FINAL,cleaned_data/deap_s26_cleaned_eeg.fif,5138452,63f1202aa783df824c228f4cc90686c0637144931dc60f6ba00336f424ddeea5,reconstructed participant-level EEG (FIF)
ICLabel_DEAP_Results_FINAL,cleaned_data/deap_s27_cleaned_eeg.fif,5138452,a58c86434edc94b5c0acb54a83a21bc2696db682a1a8852be757be36454580f8,reconstructed participant-level EEG (FIF)
ICLabel_DEAP_Results_FINAL,cleaned_data/deap_s28_cleaned_eeg.fif,5138452,01824025401343af5decc1cc39eff5cfaadb0d7280bc20532a40751212ffa74b,reconstructed participant-level EEG (FIF)
ICLabel_DEAP_Results_FINAL,cleaned_data/deap_s29_cleaned_eeg.fif,5138452,940735316af22c2fd2ef4f8ec597b3e57baaaaa920fc98a8b5243ae7c71e7485,reconstructed participant-level EEG (FIF)
ICLabel_DEAP_Results_FINAL,cleaned_data/deap_s30_cleaned_eeg.fif,5138452,a3bde1fa7224eb085ca70b87fb5c9f82ad720aef56799c47d10f07df2fa6b21f,reconstructed participant-level EEG (FIF)
ICLabel_DEAP_Results_FINAL,cleaned_data/deap_s31_cleaned_eeg.fif,5138452,931b6a22842e3e59f3d2f20270f50d6c7131c0aaacd1378879c7b9dd2d9bcfab,reconstructed participant-level EEG (FIF)
ICLabel_DEAP_Results_FINAL,cleaned_data/deap_s32_cleaned_eeg.fif,5138452,31c21cb0db67aeca27a70e1d3e04f8c5bea4c9798fc4eacdc51fc829cf3fd31f,reconstructed participant-level EEG (FIF)
ICLabel_DEAP_Results_FINAL,figures/s01_raw_vs_clean.png,557659,1309653604bc0807ac6ea518167eb512e31489ee6165bbe8490a9c0191219659,participant-level raw-versus-reconstructed signal figure
ICLabel_DEAP_Results_FINAL,figures/s02_raw_vs_clean.png,358343,ded3eaa295948dc11576e6c0fc74c47fed9f2dbd26725e5fec529d14dba316ac,participant-level raw-versus-reconstructed signal figure
ICLabel_DEAP_Results_FINAL,figures/s03_raw_vs_clean.png,451331,3d8cffd407607a35056ffb214335f6f5113bb5a320d55ff45781b6c9ea9bfa5b,participant-level raw-versus-reconstructed signal figure
ICLabel_DEAP_Results_FINAL,figures/s04_raw_vs_clean.png,390420,41fece0d511f8e503ca3402ec6ab07b42a9964f2d9bc26a29af39fee27e5c87b,participant-level raw-versus-reconstructed signal figure
ICLabel_DEAP_Results_FINAL,figures/s05_raw_vs_clean.png,367090,e229fdc808c1fe97aff8a0d5fbfe8ae312007aeeeb1110eef66ab2781ef3dad2,participant-level raw-versus-reconstructed signal figure
ICLabel_DEAP_Results_FINAL,figures/s06_raw_vs_clean.png,541145,4463c51a6462df04dcf70daf4e30b2d07c6f352dcf71b82fefb770a7e5734036,participant-level raw-versus-reconstructed signal figure
ICLabel_DEAP_Results_FINAL,figures/s07_raw_vs_clean.png,486360,130fc315630dd0030e3de27aa3a83f75c39ba47e52a084b94939cfde733f69fa,participant-level raw-versus-reconstructed signal figure
ICLabel_DEAP_Results_FINAL,figures/s08_raw_vs_clean.png,439167,86935b13d0aad9adc6dcda33b5af65b213ee9eb3af2d823404c563f8fecce968,participant-level raw-versus-reconstructed signal figure
ICLabel_DEAP_Results_FINAL,figures/s09_raw_vs_clean.png,417181,e435a596487ceab808fa36f474cbf0d158797a6c3b1e9638ecce256d4067aeef,participant-level raw-versus-reconstructed signal figure
ICLabel_DEAP_Results_FINAL,figures/s10_raw_vs_clean.png,394684,4842b924c10d1fc35e55ce701f5ded64fac439f84af4812946ce724ee08bf3e2,participant-level raw-versus-reconstructed signal figure
ICLabel_DEAP_Results_FINAL,figures/s11_raw_vs_clean.png,392839,7965f52c06968f7e4f1348f12d73b72d2bde68af49d14ff4bc9a2015742f0a85,participant-level raw-versus-reconstructed signal figure
ICLabel_DEAP_Results_FINAL,figures/s12_raw_vs_clean.png,471180,a66374b31f9cbf3bad419cb721d030fff78cce29dcb9fc2d00b50ff77a370bd7,participant-level raw-versus-reconstructed signal figure
ICLabel_DEAP_Results_FINAL,figures/s13_raw_vs_clean.png,565055,2f03d58ac8e7d0cc913706dafb41f4777bb5ebe4134feb0ed4744948775d266b,participant-level raw-versus-reconstructed signal figure
ICLabel_DEAP_Results_FINAL,figures/s14_raw_vs_clean.png,485606,4c7dd3dbebf8d84ae8b9d9edb9bed7475ddc4fb59765d7bab7da81e468854012,participant-level raw-versus-reconstructed signal figure
ICLabel_DEAP_Results_FINAL,figures/s15_raw_vs_clean.png,562687,a7d7609d1c38d4a2f17b74bbbce94d23e36dffea275c9cc6e278fed66153336f,participant-level raw-versus-reconstructed signal figure
ICLabel_DEAP_Results_FINAL,figures/s16_raw_vs_clean.png,622890,b7e834f3c7bc62b98ff21b63d78c81b63cce55cbedf18a44d631441c06c5ada3,participant-level raw-versus-reconstructed signal figure
ICLabel_DEAP_Results_FINAL,figures/s17_raw_vs_clean.png,654763,e4332196c1297ee77588f67e0a002c963bfaa721c1b5c486bbc4095afbdf262a,participant-level raw-versus-reconstructed signal figure
ICLabel_DEAP_Results_FINAL,figures/s18_raw_vs_clean.png,413380,45cfc6dffd69c24d5e75b963fb8887444728b22ccd99601ce02a201c2b2c7926,participant-level raw-versus-reconstructed signal figure
ICLabel_DEAP_Results_FINAL,figures/s19_raw_vs_clean.png,382133,fcbe75c96b87cb0b890b6b54a7d82a97042bf648b78235d3c7a2333189a7c152,participant-level raw-versus-reconstructed signal figure
ICLabel_DEAP_Results_FINAL,figures/s20_raw_vs_clean.png,596418,fda6801b0738ed6ce3d11561e58301615242a5bf76b05b1940d23b9fd34db2ed,participant-level raw-versus-reconstructed signal figure
ICLabel_DEAP_Results_FINAL,figures/s21_raw_vs_clean.png,415390,f24cb63de9e6e15198942ecdfbea0e1c4934cdb6ed26f4b526f2f1fdf8fef58f,participant-level raw-versus-reconstructed signal figure
ICLabel_DEAP_Results_FINAL,figures/s22_raw_vs_clean.png,423831,de2d63b1ec9738fa67f50ca2c0a81f23d683495c82a094aae934f7a20090cdcb,participant-level raw-versus-reconstructed signal figure
ICLabel_DEAP_Results_FINAL,figures/s23_raw_vs_clean.png,498530,162a901e54421b7272d203857e18ec44e944e88f47fb815646b0c7ec94624799,participant-level raw-versus-reconstructed signal figure
ICLabel_DEAP_Results_FINAL,figures/s24_raw_vs_clean.png,335376,f3ce3dbc623400b697b6ce785cf3babe4552e0e20356f067f6bb759571047aea,participant-level raw-versus-reconstructed signal figure
ICLabel_DEAP_Results_FINAL,figures/s25_raw_vs_clean.png,476164,85f045ca4ff69534bbbaf94af61e39ef23f0bff44b607a39a47bba8a74cacf1e,participant-level raw-versus-reconstructed signal figure
ICLabel_DEAP_Results_FINAL,figures/s26_raw_vs_clean.png,369718,c70f4271910de80c53332f505cf1dd7deecac781c2cf640c458eb70e1280bca9,participant-level raw-versus-reconstructed signal figure
ICLabel_DEAP_Results_FINAL,figures/s27_raw_vs_clean.png,511223,b7972841a4e7885387a4aeaae6c545132c62d3c3cc285fb8fd504fc0facae849,participant-level raw-versus-reconstructed signal figure
ICLabel_DEAP_Results_FINAL,figures/s28_raw_vs_clean.png,607243,606a371242beb5e5f3eea4a2b39839037d695d37820fae0dbf1a38457c203198,participant-level raw-versus-reconstructed signal figure
ICLabel_DEAP_Results_FINAL,figures/s29_raw_vs_clean.png,455703,549e31720ee62da080a9de706162b0b82bf815465f53d4e5de949bbf0b5aebb4,participant-level raw-versus-reconstructed signal figure
ICLabel_DEAP_Results_FINAL,figures/s30_raw_vs_clean.png,395498,7876bb6315d8228925cfb4f8e1c2a5f4d4a600a3f9962aabac6e1ab9ea8fb9f0,participant-level raw-versus-reconstructed signal figure
ICLabel_DEAP_Results_FINAL,figures/s31_raw_vs_clean.png,584826,77031bb89226482c8961b56e9009e9ed2afaca7ed1e3bc52f27458c899be3f60,participant-level raw-versus-reconstructed signal figure
ICLabel_DEAP_Results_FINAL,figures/s32_raw_vs_clean.png,446540,5ee13c687f6860b3dc721940804627724fc1e9c0fc5ea0b6d992eb57f4e94604,participant-level raw-versus-reconstructed signal figure
ICLabel_DEAP_Results_FINAL,heartbeat_topographies/s01_ic01_heartbeat_p0.95.png,293307,ceb198dba6245b17673c76e240a5bfea10a6f48e26e7fcfba2c1b81fa3ff981c,participant-derived IC topography/PSD figure
ICLabel_DEAP_Results_FINAL,heartbeat_topographies/s01_ic03_heartbeat_p0.93.png,293377,fb7d310985ae31a489b982089b5ecf79b4b181433fd17d9b6c7da9827586f40a,participant-derived IC topography/PSD figure
ICLabel_DEAP_Results_FINAL,heartbeat_topographies/s01_ic04_heartbeat_p0.99.png,293308,72565df21463f29cec5e3f9643b5f92d6bbd83d2fcd82acc687d279d80013481,participant-derived IC topography/PSD figure
ICLabel_DEAP_Results_FINAL,heartbeat_topographies/s01_ic05_heartbeat_p0.74.png,310122,09f5b257ff7d6ba64f9cd1d516632eb23339b9c1d47010bb9bae8161d90ba84a,participant-derived IC topography/PSD figure
ICLabel_DEAP_Results_FINAL,heartbeat_topographies/s01_ic06_heartbeat_p0.89.png,291632,e57c4ec852f738cee2a3b894eb6433a660f136ef1712464aeb28e6d87967a536,participant-derived IC topography/PSD figure
ICLabel_DEAP_Results_FINAL,heartbeat_topographies/s01_ic07_heartbeat_p0.71.png,300431,886aaa2f9ead7e3df1194073a7f3531f434288ff4e8d377dbaf4199f90c1b487,participant-derived IC topography/PSD figure
ICLabel_DEAP_Results_FINAL,heartbeat_topographies/s01_ic08_heartbeat_p0.93.png,311430,45d6a05232672f3f7a4993511eeccf6520341e84b98383f3e578cc19b89b9c0b,participant-derived IC topography/PSD figure
ICLabel_DEAP_Results_FINAL,heartbeat_topographies/s01_ic09_heartbeat_p0.98.png,282099,47787a3d2b81a854a9139130b8ff2dcf7d82f83f5f82b9407a69b9acea878214,participant-derived IC topography/PSD figure
ICLabel_DEAP_Results_FINAL,heartbeat_topographies/s01_ic10_heartbeat_p0.54.png,290789,7c042172f30e0b874ff762c3bce7ab5f6338a5fdfd3f0373a802a922880b5abe,participant-derived IC topography/PSD figure
ICLabel_DEAP_Results_FINAL,heartbeat_topographies/s01_ic11_heartbeat_p0.90.png,261303,9829f34d29dd064b65fc942cbe721fce027500e2a33021a08f61654921b59d8f,participant-derived IC topography/PSD figure
ICLabel_DEAP_Results_FINAL,heartbeat_topographies/s01_ic12_heartbeat_p0.88.png,273501,7ab58db09f4477fb238dd086dcedfd6e7f749fb6def9ea58b4bcb923bd878541,participant-derived IC topography/PSD figure
ICLabel_DEAP_Results_FINAL,heartbeat_topographies/s01_ic13_heartbeat_p0.98.png,329560,f021ad6be0debfedbdd6843aa2cb6b53a149c9696124ca72492ea178a666d016,participant-derived IC topography/PSD figure
ICLabel_DEAP_Results_FINAL,heartbeat_topographies/s01_ic14_heartbeat_p0.98.png,333970,d5873414dc7690993a2acc2f52a88c8368d8c2a2b527a64d97e8d7b5611203ee,participant-derived IC topography/PSD figure
ICLabel_DEAP_Results_FINAL,heartbeat_topographies/s01_ic15_heartbeat_p0.95.png,330889,80fd9df28134b6e54bef42d8380ac613794a9be65709ba55c5821c682fec805a,participant-derived IC topography/PSD figure
ICLabel_DEAP_Results_FINAL,heartbeat_topographies/s01_ic16_heartbeat_p0.94.png,338900,5f23011af4b5cfb034ba3d6ca3676ee9e4ed514180a659eecdc3a18665120019,participant-derived IC topography/PSD figure
ICLabel_DEAP_Results_FINAL,heartbeat_topographies/s01_ic17_heartbeat_p0.92.png,309251,28cbef4ef6c3306d67665fc5080111e4eadc193e95ffebd5de13a50551531735,participant-derived IC topography/PSD figure
ICLabel_DEAP_Results_FINAL,heartbeat_topographies/s01_ic18_heartbeat_p0.99.png,306527,51a86995983886d79ef007c4edaf9692049bd53f587ec8d9f8ef7cb3df3c70e5,participant-derived IC topography/PSD figure
ICLabel_DEAP_Results_FINAL,heartbeat_topographies/s01_ic19_heartbeat_p0.89.png,331998,e3073ee39f7f371c10c273b2b62dd3279ea19dc212da2b8d6044c44a458e042e,participant-derived IC topography/PSD figure
ICLabel_DEAP_Results_FINAL,heartbeat_topographies/s01_ic20_heartbeat_p0.97.png,229606,f2cd5620a9c2dc3945083052e01d1a294f52e8411397ee7be20a07417be0407b,participant-derived IC topography/PSD figure
ICLabel_DEAP_Results_FINAL,heartbeat_topographies/s01_ic21_heartbeat_p0.93.png,293632,ddcd02b88dcd1989d8069269f4e545b989495f65e10dc0b399870351f878d5a5,participant-derived IC topography/PSD figure
project root,ICLabel_DEAP_Results.rar,169854173,79c15e5ad199b6395bd580299548dbc00773d80dd77afb2b87c3425de234e43d,compressed duplicate containing participant-level derived signal artifacts
