source_artifact,type,repository_location,status,sha256,notes
run_deap_iclabel_batch.py,script,archive/deap_history/00_baseline/script/run_deap_iclabel_batch.py,included,8AFEFB4DF5CEF2254D160492E07A17A236E190C613BC273B42C6D22399282DB6,Byte-identical historical snapshot
ICLabel_DEAP_corrected.py,script,archive/deap_history/01_channel_order/script/ICLabel_DEAP_corrected.py,included,073BF225F39F141C230F33070F92514BE548DA11CFD663BFF751212CCC6E2676,Byte-identical historical snapshot
ICLabel_DEAP_corrected_v2.py,script,archive/deap_history/02_filter_confidence/script/ICLabel_DEAP_corrected_v2.py,included,5E4875C5460993623118D267A776741C3F290018FE72B76B49B877B8E29F7965,Byte-identical historical snapshot
ICLabel_DEAP_corrected_v3.py,script,archive/deap_history/03_crossfade_visual/script/ICLabel_DEAP_corrected_v3.py,included,0F3470DF9B8C4E562E1410ADAE90BFCCA0DF61A160BA496D4A51021BC21B64F7,Byte-identical historical snapshot
ICLabel_DEAP_final.py,script,archive/deap_history/04_rank_aware/script/ICLabel_DEAP_final.py,included,8123FBE9ECF18FC4870B68D23CCFB31161AF7A56CAAC4341ECD5F30E3D2070AC,Byte-identical historical snapshot
ICLabel_DEAP_Mirsharif.pdf,legacy PDF,archive/legacy_reports/legacy_deap_initial_report.pdf,included,668E9578C9D6C1FDB6425A21EFBD64ACE4C8977FB60262DE9B77C68E861C75C4,Unmodified; conclusions superseded
ICLabel_DEAP_Results_CORRECTED.pdf,legacy PDF,archive/legacy_reports/legacy_deap_multistage_report.pdf,included,1FFDEE3FDA4F280D8151CCFD094CF947F806FCC91A30110E4BB5D4F0B7D39CE1,Unmodified; conclusions superseded
Troubleshooting Report.pdf,legacy PDF,archive/legacy_reports/legacy_engineering_troubleshooting_report.pdf,included,7104A2EB071A5EC54D8480B9FA68CD78ACEA8CD20AEA9DD1837535DDB2664E53,Unmodified; conclusions superseded
گزارش نهایی مدل.pdf,legacy PDF,archive/legacy_reports/legacy_bci_final_model_report.pdf,included,D4E55F69B7E719FF2767E2FE7D564BED8351BC70F78E58A08AB95C96E7C67966,Unmodified; conclusions superseded
ICLabel_DEAP_Final_Comprehensive_Report.html,legacy HTML,archive/legacy_reports/legacy_deap_final_comprehensive_report.html,included,25642AFDFF728EB7E132BE880502B0D494FA12D9752FEC1B24BEF9A03699BC95,Unmodified; conclusions superseded
ICLabel_DEAP_Technical_Report.html,legacy HTML,archive/legacy_reports/legacy_deap_technical_report.html,included,F4137843584376877B5C4F12A457168B066B17B1145B8570703D38DB2FD8C198,Unmodified; conclusions superseded
ICLabel_Troubleshooting_and_Implementation_Log.html,legacy HTML,archive/legacy_reports/legacy_troubleshooting_implementation_log.html,included,6367D31BFB3E40E3AC35C8112352B69084E8FA6060D8F793DD60E92E03FFA7EC,Unmodified; conclusions superseded
ICLabel_DEAP_Results.rar,compressed result archive,,excluded,79C15E5AD199B6395BD580299548DBC00773D80DD77AFB2B87C3425DE234E43D,161.99 MiB; redundant and contains reconstructed participant-level signal artifacts
